,0,1,2,3,4,5,6,7,8,9,0
0,0.453125,1,1,1,1,0.333333333,0.428571429,0.114285714,1,1,1
1,0.375,0.5,0.416666667,0.333333333,0.5,0.166666667,0.285714286,0.028571429,0.75,1,1
2,0.5625,0.5,0.333333333,0.333333333,0.5,0.166666667,0.285714286,0.028571429,0.75,1,1
3,0.40625,0.166666667,0.25,0.2,0.5,0.055555556,0.285714286,0,0.75,1,1
4,0.375,0.666666667,0.333333333,0.666666667,0.5,0.222222222,0.428571429,0.114285714,1,1,1
5,0.25,0.416666667,0.333333333,0,0.5,0.138888889,0.428571429,0,1,0.5,1
6,0.578125,0.916666667,0.333333333,0,0.75,0.305555556,0.428571429,0,1,0.5,1
7,0.40625,0.416666667,0.333333333,1,1,0.138888889,1,0.857142857,0.75,1,1
8,0.6875,0.083333333,0.25,0,0.5,0.027777778,1,0,1,1,1
9,0.515625,0.416666667,0.333333333,0,0.5,0.138888889,0.285714286,0,1,1,0
10,0.46875,0.083333333,0.25,0.066666667,0.5,0.027777778,0.714285714,0,1,1,1
11,0.4375,0.416666667,0.333333333,0,0.5,0.138888889,0.285714286,0,1,1,1
12,0.546875,0.5,0.333333333,0.333333333,0.5,0.166666667,1,0.028571429,1,1,0
13,0.203125,0.416666667,0.333333333,0.066666667,0.5,0.138888889,0.285714286,0,1,1,1
14,0.40625,0.5,0.333333333,0.333333333,0.5,0.166666667,0.285714286,0.028571429,1,1,1
15,0.203125,0.666666667,0.583333333,0.333333333,0.5,0.222222222,0.285714286,0.085714286,0.75,1,0
16,0.4375,0.416666667,0.333333333,0.066666667,0.5,0.138888889,1,0,0.5,1,1
17,0.375,0.416666667,0.25,0.266666667,1,0.138888889,0.285714286,0.114285714,1,1,1
18,0.640625,0.5,0.333333333,0.266666667,0.5,0.166666667,0.285714286,0.028571429,1,1,1
19,0.21875,0.416666667,0.333333333,0.066666667,0.5,0.138888889,0.285714286,0,0,1,1
20,0.296875,0.5,0.333333333,0.266666667,1,0.166666667,0.285714286,0.028571429,1,1,1
21,0.625,0.166666667,0.25,0.066666667,0.5,0.055555556,0.285714286,0,1,0.5,1
22,0.15625,0.833333333,0.333333333,0.933333333,0.5,0.277777778,0.285714286,0.514285714,0.75,0,0
23,0.34375,0.166666667,0.083333333,0.066666667,0.5,0.055555556,0.285714286,0,1,0,1
24,0.15625,0.166666667,0,0.066666667,0.5,0.055555556,0.285714286,0,0.75,1,1
25,0.5625,0.416666667,0.333333333,0.066666667,0.5,0.138888889,0.285714286,0,1,0,1
26,0.203125,0.416666667,0.333333333,0.066666667,0.5,0.138888889,0.285714286,0,1,1,1
27,0.375,0.5,0.333333333,0.533333333,0.5,0.166666667,1,0.028571429,1,1,1
28,0.125,0.416666667,0.333333333,0.066666667,0.5,0.138888889,0.285714286,0,1,0,1
29,0.421875,0.5,0.333333333,0.533333333,0.5,0.166666667,0.285714286,0.028571429,1,0,1
30,0.53125,0.666666667,0.583333333,0.666666667,0.5,0.222222222,0.428571429,0.114285714,1,1,1
31,0.171875,0.666666667,0.583333333,0.666666667,0.5,0.222222222,0.285714286,0.257142857,0.75,1,1
32,0.21875,0.416666667,0.333333333,0.066666667,0.5,0.138888889,0.285714286,0,0.75,1,0
33,0.921875,0.5,0.583333333,0,0.5,0.166666667,0.428571429,0,1,1,1
34,0.53125,0.166666667,0.25,0.066666667,0.5,0.055555556,0.285714286,0,1,1,1
35,0.5625,0.166666667,0,0.066666667,0.5,0.055555556,0.285714286,0,0.75,1,1
36,0.4375,0.5,0.583333333,0,0.5,0.166666667,0.428571429,0,0.5,1,1
37,0.734375,0.916666667,0.833333333,0.8,0.75,0.305555556,0.285714286,0.342857143,1,1,1
38,0.703125,0.416666667,0.333333333,0.066666667,0.5,0.138888889,0.285714286,0,1,1,1
39,0.734375,0.416666667,0.333333333,0.133333333,0.5,0.138888889,0.285714286,0,1,1,0
40,0.234375,0.5,0.333333333,0.333333333,0.5,0.166666667,0.285714286,0.114285714,0.5,1,1
41,0.640625,0.5,0.333333333,0.333333333,0.5,0.166666667,0.285714286,0.057142857,1,1,1
42,0.40625,0.416666667,0.333333333,0.066666667,0.5,0.138888889,0.285714286,0,1,1,1
43,0.578125,0.5,0.333333333,0.266666667,0.5,0.166666667,0.285714286,0.028571429,1,1,1
44,0.3125,0.416666667,0.333333333,0.066666667,0.5,0.138888889,0.285714286,0,1,1,1
45,0.53125,0.416666667,0.333333333,0.066666667,0.5,0.138888889,0.285714286,0,0.75,1,1
46,0.78125,0.416666667,0.333333333,0.066666667,0.5,0.138888889,0.285714286,0,1,1,1
47,0.296875,0.416666667,0.333333333,0.133333333,0.5,0.138888889,0.285714286,0,1,1,1
48,0.25,0.166666667,0.25,0.066666667,0.5,0.055555556,0.285714286,0,1,1,1
49,0.171875,0.5,0.333333333,0.333333333,0.5,0.166666667,0.285714286,0.028571429,0.75,1,1
50,0.734375,0.166666667,0,0.066666667,0.5,0.055555556,0.285714286,0,1,1,1
51,0.6875,0.416666667,0.333333333,0.133333333,0.5,0.138888889,0.428571429,0,1,1,1
52,0.4375,0.166666667,0,0.066666667,0.5,0.055555556,0.285714286,0,1,1,1
53,0.46875,0.083333333,0,0.133333333,0.5,0.027777778,0.428571429,0,1,1,1
54,0.59375,0.416666667,0.333333333,0.066666667,0.5,0.138888889,0.285714286,0,0.75,1,1
55,0.578125,0.25,0.25,0.533333333,0.5,0.083333333,0.285714286,0.028571429,1,1,1
56,0.40625,0.416666667,0.333333333,0.066666667,0.5,0.138888889,0.428571429,0,1,1,1
57,0.5,0.666666667,0.333333333,0.666666667,0.5,0.222222222,0.285714286,0.142857143,1,1,1
58,0.828125,0.166666667,0.25,0.066666667,0.5,0.055555556,0.285714286,0,1,1,1
59,0.84375,0.166666667,0.25,0.066666667,0.5,0.055555556,0.285714286,0,1,1,1
60,0.421875,0.833333333,0.166666667,0.8,0.5,0.277777778,0.428571429,0.742857143,1,1,1
61,0.3125,0.5,0.583333333,0.133333333,0.5,0.166666667,0.428571429,0,1,1,1
62,0.5625,0.5,0.333333333,0.333333333,0.5,0.166666667,0.285714286,0.028571429,1,1,1
63,0.5625,0.416666667,0.25,0.333333333,0.5,0.138888889,0.285714286,0.085714286,1,1,1
64,0.625,0.416666667,0.333333333,0.133333333,0.5,0.138888889,0.285714286,0,1,1,1
65,0.578125,0.916666667,0.333333333,0.666666667,0.75,0.305555556,0.285714286,0.228571429,1,1,1
66,0.875,0.916666667,0.333333333,0.6,0.75,0.305555556,0.285714286,0.114285714,1,1,1
67,0.34375,0.166666667,0.25,0.066666667,0.5,0.055555556,0.285714286,0,1,1,1
68,0.5625,0.666666667,0.583333333,0.266666667,0.5,0.222222222,0.428571429,0.028571429,1,1,1
69,0.515625,0.5,0.333333333,0.266666667,0.5,0.166666667,0.285714286,0.057142857,1,1,1
70,0.453125,0.833333333,0.583333333,0.733333333,0.5,0.277777778,0.285714286,0.285714286,0.25,1,1
71,0.625,0.916666667,0.583333333,0.733333333,0.75,0.305555556,0.285714286,0.285714286,1,1,1
72,0.171875,0.25,0.25,0.533333333,0.5,0.083333333,0.285714286,0.057142857,1,1,1
73,0.5625,0.416666667,0.333333333,0.066666667,0.5,0.138888889,0.428571429,0,1,1,1
74,0.203125,0.416666667,0.333333333,0.066666667,0.5,0.138888889,0.285714286,0,1,1,1
75,0.375,0.5,0.583333333,0.066666667,0.5,0.166666667,0.428571429,0,1,1,1
76,0.390625,0.416666667,0.333333333,0.133333333,0.5,0.138888889,0.285714286,0,1,1,1
77,0.515625,0.5,0.333333333,0.533333333,0.5,0.166666667,0.285714286,0.028571429,1,1,1
78,0.578125,0.5,0.583333333,0.133333333,0.5,0.166666667,0.428571429,0,1,1,1
79,0.34375,0.5,0.333333333,0.333333333,0.5,0.166666667,0.285714286,0.028571429,1,1,1
80,0.640625,0.083333333,0.166666667,0.133333333,0.5,0.027777778,0.285714286,0,0.75,1,1
81,0.578125,0.833333333,0.333333333,0.8,0.5,0.277777778,0.285714286,0.4,1,1,1
82,0.421875,0.666666667,0.333333333,0.666666667,0.5,0.222222222,0.285714286,0.142857143,1,1,1
83,0.5625,0.083333333,0.25,0.133333333,0.5,0.027777778,0.285714286,0,1,1,1
84,0.203125,0.666666667,0.583333333,0.666666667,0.5,0.222222222,0.285714286,0.142857143,1,1,1
85,0.546875,0.416666667,0.333333333,0.066666667,0.5,0.138888889,0.428571429,0,1,1,1
86,0.34375,0.666666667,0.583333333,0.666666667,0.5,0.222222222,0.428571429,0.114285714,1,1,1
87,0.640625,0.416666667,0.333333333,0.066666667,0.5,0.138888889,0.285714286,0,1,1,1
88,0.46875,0.75,0.833333333,0.666666667,0.5,0.25,0.285714286,0.142857143,1,1,1
89,0.75,0.5,0.583333333,0.133333333,0.5,0.166666667,0.428571429,0,1,1,1
90,0.5625,0.666666667,0.583333333,0.666666667,0.5,0.222222222,0.285714286,0.142857143,1,1,1
91,0.546875,0.666666667,0.583333333,0.666666667,0.5,0.222222222,0.285714286,0.171428571,1,1,1
92,0.578125,0.416666667,0.333333333,0.066666667,0.5,0.138888889,0.285714286,0,1,1,1
93,0.359375,0.5,0.333333333,0.333333333,0.5,0.166666667,1,0.057142857,1,1,1
94,0.921875,0.5,0.333333333,0.266666667,0.5,0.166666667,0.285714286,0.028571429,1,1,1
95,0.703125,0.666666667,0.583333333,0.333333333,0.5,0.222222222,0.285714286,0.057142857,1,1,1
96,0.375,0.666666667,0.333333333,0.666666667,0.5,0.222222222,0.285714286,0.114285714,1,1,1
97,0.6875,0.083333333,0.25,0.066666667,0.5,0.027777778,0.285714286,0,0.75,1,1
98,0.28125,0.416666667,0.333333333,0.066666667,0.5,0.138888889,0.428571429,0,1,1,1
99,0.203125,0.5,0.333333333,0.266666667,0.5,0.166666667,0.285714286,0.057142857,0.75,1,1
100,0.375,0.5,0.333333333,0.333333333,0.5,0.166666667,0.285714286,0.085714286,1,1,1
101,1,0.833333333,0.333333333,0.8,0.5,0.277777778,0.428571429,0.628571429,1,1,1
102,0.125,0.666666667,0.333333333,0.666666667,0.5,0.222222222,0.285714286,0.171428571,0.75,1,1
103,0.625,0.416666667,0.333333333,0.066666667,0.5,0.138888889,0.285714286,0,1,1,1
104,0.453125,0.5,0.333333333,0.333333333,0.5,0.166666667,0.428571429,0.057142857,0.75,1,1
105,0.328125,0.666666667,0.583333333,0.533333333,0.5,0.222222222,0.857142857,0.028571429,1,1,1
106,0.5625,0.666666667,0,0.666666667,0.5,0.222222222,0.285714286,0.257142857,0.75,1,0
107,0.296875,0.5,0.333333333,0.333333333,0.5,0.166666667,0.285714286,0.028571429,0.75,1,1
108,0.140625,0.5,0.333333333,0.533333333,0.5,0.166666667,0.285714286,0.085714286,0.75,1,1
109,0.3125,0.416666667,0.333333333,0,0.5,0.138888889,0.285714286,0,0.75,1,1
110,0.25,0.5,0.333333333,0.333333333,0.5,0.166666667,0.285714286,0.085714286,0.75,1,1
111,0.359375,0.416666667,0.333333333,0,0.5,0.138888889,0.285714286,0,0.75,1,1
112,0.359375,0.5,0.333333333,0.333333333,0.5,0.166666667,0.285714286,0.085714286,0.75,1,1
113,0.3125,0.083333333,0.25,0,0.5,0.027777778,0.285714286,0,0.75,1,1
114,0.484375,0.5,0.333333333,0.333333333,0.5,0.166666667,0.285714286,0.028571429,0.75,1,1
115,0.359375,0.833333333,0.333333333,0.8,0.5,0.277777778,0.428571429,0.771428571,1,1,1
116,0.640625,0.416666667,0.333333333,0,0.5,0.138888889,0.571428571,0,0.75,1,1
117,0.3125,0.833333333,0.583333333,0.8,0.5,0.277777778,0.428571429,0.514285714,1,1,1
118,0.796875,0.416666667,0.333333333,0,0.5,0.138888889,0.857142857,0,1,1,1
119,0.625,0.416666667,0.333333333,0,0.5,0.138888889,0.571428571,0,1,1,1
120,0.5625,0.666666667,0.583333333,0.6,0.5,0.222222222,0.428571429,0.142857143,1,1,1
121,0.515625,0.5,0.333333333,0.333333333,0.5,0.166666667,0.285714286,0.057142857,0.75,1,1
122,0.625,0.083333333,0,0,0.5,0.027777778,0.285714286,0,1,1,1
123,0.484375,0.416666667,0.333333333,0.066666667,0.5,0.138888889,0.285714286,0,1,1,1
124,0.8125,0.416666667,0.333333333,0.066666667,0.5,0.138888889,0.714285714,0,1,1,1
125,0.828125,0.416666667,0.333333333,0.066666667,0.5,0.138888889,0.285714286,0,1,1,1
126,0.484375,0.416666667,0.333333333,0.066666667,0.5,0.138888889,0.285714286,0,1,1,1
127,0.171875,0.416666667,0.333333333,0.066666667,0.5,0.138888889,0.285714286,0,1,1,1
128,0.5625,0.416666667,0.333333333,0.066666667,0.5,0.138888889,0.285714286,0,1,1,1
129,0.46875,0.416666667,0.333333333,0.066666667,0.5,0.138888889,0.285714286,0,1,1,1
130,0.3125,0.416666667,0.333333333,0.066666667,0.5,0.138888889,0.285714286,0,0.75,1,1
131,0.5625,0.5,0.333333333,0.266666667,1,0.166666667,0.285714286,0.057142857,1,1,1
132,0.28125,0.666666667,0.583333333,0.333333333,0.5,0.222222222,0.285714286,0.085714286,1,1,1
133,0.828125,0.416666667,0.333333333,0,1,0.138888889,0.285714286,0,1,1,1
134,0.546875,0.5,0.333333333,0.333333333,1,0.166666667,0.428571429,0.057142857,1,1,1
135,0.703125,0.666666667,0.583333333,0.333333333,1,0.222222222,0.428571429,0,1,1,1
136,0.453125,0.166666667,0,0,0.5,0.055555556,1,0,1,1,1
137,0.375,0.416666667,0.333333333,0.133333333,0.5,0.138888889,1,0,0.75,1,1
138,0.71875,0.416666667,0,0.333333333,0.5,0.138888889,0.285714286,0,1,1,1
139,0.609375,0.416666667,0.333333333,0,0.5,0.138888889,0.285714286,0,1,1,1
140,0.421875,0.666666667,0.333333333,0.666666667,1,0.222222222,0.285714286,0.228571429,0.75,1,1
141,0.703125,0.083333333,0.25,0,0.5,0.027777778,0.857142857,0,1,1,1
142,0.5625,0.416666667,0.333333333,0.133333333,0.5,0.138888889,0.428571429,0.857142857,1,1,1
143,0.5625,0.416666667,0.333333333,0,0.5,0.138888889,0.857142857,0,1,1,1
144,0.578125,0.166666667,0.25,0,1,0.055555556,0.428571429,0,1,1,1
145,0.828125,0.416666667,0.333333333,0,0.5,0.138888889,0.857142857,0,1,1,1
146,0.6875,0.833333333,0.583333333,0.8,1,0.277777778,0.428571429,0.342857143,1,1,1
147,0.375,0.833333333,0.583333333,0.8,1,0.277777778,0.428571429,0.371428571,1,1,1
148,0.21875,0.5,0.333333333,0.333333333,0.5,0.166666667,0.428571429,0.028571429,1,1,1
149,0.46875,0.666666667,0.583333333,0.533333333,0.5,0.222222222,0.428571429,0,1,1,1
150,0.5625,0.5,0.583333333,0,1,0.166666667,0.428571429,0,1,1,1
151,0.40625,0.416666667,0.333333333,0,0.5,0.138888889,0.285714286,0,0.75,1,1
152,0.4375,0.416666667,0.333333333,0,0.5,0.138888889,0.285714286,0,0.75,1,1
153,0.4375,0.416666667,0.333333333,0,0.5,0.138888889,0.285714286,0,0.75,1,1
154,0.90625,0.416666667,0.333333333,0,0.5,0.138888889,0.285714286,0,0.75,1,1
155,0.5625,0.416666667,0.333333333,0,0.5,0.138888889,0.142857143,0,0.75,1,1
156,0.328125,0.416666667,0.25,0.333333333,0.5,0.138888889,0.285714286,0.028571429,0.75,1,1
157,0.34375,0.833333333,0.333333333,0.8,0.5,0.277777778,0.428571429,0.6,1,1,1
158,0.390625,0.416666667,0.333333333,0,0.5,0.138888889,0.285714286,0,0.75,1,1
159,0.34375,0.416666667,0.333333333,0,0.5,0.138888889,0.285714286,0,0.75,1,1
160,0.65625,0.416666667,0.333333333,0,0.5,0.138888889,0.285714286,0,0.75,1,1
161,0.34375,0.5,0.333333333,0.266666667,0.5,0.166666667,0.285714286,0.057142857,0.75,1,1
162,0.625,0.75,0.833333333,0,0.5,0.25,0.285714286,0.857142857,0,0,1
163,0.53125,0.083333333,0.25,0,0.5,0.027777778,0.285714286,0.857142857,0,0,1
164,0.578125,0.666666667,0.25,0.666666667,0.5,0.222222222,0.285714286,0.857142857,0,0,1
165,0.578125,0.666666667,0.583333333,0.6,0.5,0.222222222,0.285714286,0.857142857,0,0,0
166,0.671875,0.5,0.333333333,0.333333333,0.5,0.166666667,0.285714286,0.857142857,0,0,1
167,0.75,0.666666667,0.583333333,0.333333333,0.5,0.222222222,0.285714286,0.857142857,0,0,1
168,0.84375,0.5,0.333333333,0.333333333,0.5,0.166666667,0.285714286,0.857142857,0,0,1
169,0.796875,0.5,0.583333333,0,0.5,0.166666667,0.285714286,0.857142857,0,0,1
170,0.625,0.416666667,0.333333333,0,0.5,0.138888889,0.285714286,0.857142857,0,0,1
171,0.90625,0.5,0.583333333,0,0.5,0.166666667,0.285714286,0.857142857,0,0,0
172,0.25,0.5,0.333333333,0.333333333,0.5,0.166666667,0.285714286,0.857142857,0,0,1
173,0.625,0.416666667,0.333333333,0,0.5,0.138888889,0.285714286,0.857142857,0,0,1
174,0.671875,0.75,0.833333333,0.733333333,0.5,0.25,0.285714286,0.857142857,0,0,1
175,0.671875,0.416666667,0.333333333,0,0.5,0.138888889,0.285714286,0.857142857,0,0,1
176,0.484375,0.416666667,0.333333333,0,0.5,0.138888889,0.285714286,0.857142857,0,0,1
177,0.859375,1,0.833333333,0.8,1,0.333333333,0.285714286,0.857142857,0,0,1
178,0.609375,0.5,0.333333333,0.333333333,0.5,0.166666667,0.285714286,0.857142857,0,0,1
179,0.609375,0.416666667,0.25,0.333333333,0.5,0.138888889,0.285714286,0.857142857,0,0,1
180,0.671875,0.666666667,0.333333333,0.666666667,0.5,0.222222222,0.285714286,0.857142857,0,0,1
181,0.140625,0.5,0.333333333,0.333333333,0.5,0.166666667,0.285714286,0.857142857,0,0,1
182,0.5,0.666666667,0.583333333,0.333333333,0.5,0.222222222,0.285714286,0.857142857,0,0,1
183,0.390625,0.416666667,0.333333333,0,0.5,0.138888889,0.285714286,0.857142857,0,0,1
184,0.65625,0.5,0.333333333,0.266666667,0.5,0.166666667,0.285714286,0.857142857,0,0,1
185,0.84375,0.833333333,0.333333333,0.8,0.5,0.277777778,0.285714286,0.857142857,0,0,1
186,0.734375,0.416666667,0.333333333,0,0.5,0.138888889,0.714285714,0.857142857,0,0,1
187,0.625,0.666666667,0.333333333,0.666666667,0.5,0.222222222,0.285714286,0.857142857,0,0,1
188,0.78125,0.916666667,0.333333333,1,0.75,0.305555556,0.285714286,0.857142857,0,0,1
189,0.921875,0.416666667,0.333333333,0,0.5,0.138888889,0.285714286,0.857142857,0,0,1
190,0.84375,0.416666667,0.333333333,0,0.5,0.138888889,0.285714286,0.857142857,0,0,1
191,0.5,0.5,0.333333333,0.333333333,0.5,0.166666667,0.285714286,0.857142857,0,0,1
192,0.640625,0.5,0.583333333,0,0.5,0.166666667,0.285714286,0.857142857,0,0,1
193,0.859375,0.5,0.333333333,0.333333333,0.5,0.166666667,0.285714286,0.857142857,0,0,1
194,0.515625,0.416666667,0.25,0.333333333,0.5,0.138888889,0.285714286,0.857142857,0,0,1
195,0.984375,0.083333333,0.25,0,0.5,0.027777778,0.285714286,0.857142857,0,0,0
196,0.40625,0.416666667,0.333333333,0,0.5,0.138888889,0.285714286,0.857142857,0,0,1
197,0.609375,0.416666667,0.333333333,0,0.5,0.138888889,0.285714286,0.857142857,0,0,1
198,0.515625,0.833333333,0.333333333,0.8,0.5,0.277777778,0.285714286,0.857142857,0,0,1
199,0.234375,0.416666667,0.333333333,0,0.5,0.138888889,0.285714286,0.857142857,0,0,1
200,0.625,0.416666667,0.333333333,0,0.5,0.138888889,0.285714286,0.857142857,0,0,0
201,0.421875,0.416666667,0.333333333,0,0.5,0.138888889,0.285714286,0.857142857,0,0,1
202,0.40625,0.916666667,0.833333333,0.733333333,0.75,0.305555556,0.285714286,0.857142857,0,0,1
203,0.984375,0.666666667,0.583333333,0.666666667,0.5,0.222222222,0.285714286,0.857142857,0,0,1
204,0.296875,0.916666667,0.333333333,0.8,0.75,0.305555556,0.285714286,0.857142857,0,0,1
205,0.6875,0.666666667,0.333333333,0.666666667,0.5,0.222222222,0.285714286,0.857142857,0,0,1
206,0.40625,0.5,0.333333333,0.333333333,0.5,0.166666667,0.285714286,0.857142857,0,0,1
207,0.703125,0.416666667,0.25,0.266666667,0.5,0.138888889,0.285714286,0.857142857,0,0,1
208,0.59375,0.916666667,0.333333333,0.333333333,0.75,0.305555556,0.285714286,0.857142857,0,0,1
209,0.25,0.833333333,0.916666667,0.8,0.5,0.277777778,0.285714286,0.857142857,0,0,1
210,0.78125,0,0.833333333,0.8,0.5,0,0.285714286,0.857142857,0,0,0
211,0.75,0.416666667,0.333333333,0,0.5,0.138888889,0.285714286,0.857142857,0,0,1
212,0.546875,0.416666667,0.333333333,0,0.5,0.138888889,0.285714286,0.857142857,0,0,1
213,0.34375,0.666666667,0.333333333,0.666666667,0.5,0.222222222,0.285714286,0.857142857,0,0,1
214,0.546875,0.416666667,0.333333333,0,0.5,0.138888889,0.285714286,0.857142857,0,0,1
215,0.765625,0.416666667,0.333333333,0,0.5,0.138888889,0.285714286,0.857142857,0,0,1
216,0.296875,0.083333333,0.25,0,0.5,0.027777778,0.285714286,0.857142857,0,0,1
217,0.734375,0.416666667,0.333333333,0,0.5,0.138888889,0.285714286,0.857142857,0,0,1
218,0.609375,0.5,0.333333333,0.266666667,0.5,0.166666667,0.285714286,0.857142857,0,0,1
219,0.78125,1,0.833333333,0.8,1,0.333333333,0.285714286,0.857142857,0,0,1
220,0.21875,1,0.333333333,1,0.5,0.333333333,0.285714286,0.857142857,0,0,1
221,0.5,0.75,0.833333333,0.333333333,0.5,0.25,0.285714286,0.857142857,0,0,1
222,0.671875,1,0.333333333,0,1,0.333333333,0.285714286,0.857142857,0,0,1
223,0.328125,0.5,0.333333333,0.266666667,0.5,0.166666667,0.285714286,0.857142857,0,0,1
224,0.734375,0.75,0.833333333,0.333333333,0.5,0.25,0.285714286,0.857142857,0,0,1
225,0.828125,0.833333333,0.583333333,0.8,0.5,0.277777778,0.285714286,0.857142857,0,0,1
226,0.90625,0.416666667,0.333333333,0,0.5,0.138888889,0.285714286,0.857142857,0,0,1
227,0.65625,0.416666667,0.25,0.266666667,0.5,0.138888889,0.285714286,0.857142857,0,0,1
228,0.765625,0.833333333,0.333333333,0.8,0.5,0.277777778,0.285714286,0.857142857,0,0,1
229,0.484375,0.833333333,0.333333333,0.8,0.5,0.277777778,0.285714286,0.857142857,0,0,0
230,0.890625,0.75,0.833333333,0.666666667,0.5,0.25,0.285714286,0.857142857,0,0,1
231,0.875,0.5,0.333333333,0.266666667,0.5,0.166666667,0.285714286,0.857142857,0,0,1
232,0.65625,1,0.25,0,1,0.333333333,0.428571429,0.857142857,0,0,1
233,0.390625,0.416666667,0.333333333,0,0.5,0.138888889,0.428571429,0.857142857,0,0,1
234,0.6875,0.75,0.333333333,0.733333333,0.5,0.25,0.428571429,0.857142857,0,0,0
235,0.5625,0.833333333,0.333333333,0.8,0.5,0.277777778,0.428571429,0.857142857,0,0,1
236,0.890625,0.5,0.583333333,0,0.5,0.166666667,0.428571429,0.857142857,0,0,1
237,0.90625,0.416666667,0.333333333,0,0.5,0.138888889,0.428571429,0.857142857,0,0,1
238,0.625,0.416666667,0.333333333,0,0.5,0.138888889,0.428571429,0.857142857,0,0,1
239,0.734375,0.416666667,0.333333333,0,0.5,0.138888889,0.428571429,0.857142857,0,0,1
240,0.59375,0.833333333,0.333333333,0.8,0.5,0.277777778,0.428571429,0.857142857,0,0,1
241,0.484375,0.5,0.333333333,0.333333333,0.5,0.166666667,0.428571429,0.857142857,0,0,1
242,0.84375,0.416666667,0.333333333,0,0.5,0.138888889,0.285714286,0.857142857,0,0,1
243,0.4375,0.416666667,0.333333333,0,0.5,0.138888889,0.428571429,0.857142857,0,0,1
244,0.890625,0.083333333,0.25,0,0.5,0.027777778,0.714285714,0.857142857,0,0,1
245,0.5625,0.5,0.333333333,0.266666667,1,0.166666667,0.285714286,0.028571429,1,0,1
246,0.375,0.5,0.333333333,0.266666667,1,0.166666667,0.285714286,0.028571429,1,0,1
247,0.78125,0.416666667,0.25,0.266666667,1,0.138888889,0.428571429,0.057142857,1,0,0
248,1,0.416666667,0.333333333,1,0.5,0.138888889,0.285714286,0.857142857,1,1,1
249,0.90625,0.5,0.583333333,0.066666667,0.5,0.166666667,0.428571429,0,1,1,1
250,0.8125,0.666666667,0.333333333,0.666666667,1,0.222222222,0.285714286,0.171428571,0.75,0,1
251,0.234375,0.5,0.333333333,0.333333333,1,0.166666667,0.285714286,0.028571429,0.75,0,1
252,0.609375,0.416666667,0.333333333,0,1,0.138888889,0.428571429,0,1,1,1
253,0.5625,0.833333333,0.583333333,0.8,1,0.277777778,0.428571429,0.514285714,1,1,0
254,0.5,0.5,0.333333333,0.266666667,1,0.166666667,0.428571429,0.085714286,0.5,1,1
255,0.828125,0.5,0.333333333,0.333333333,1,0.166666667,0.428571429,0.028571429,1,0,1
256,0.296875,0.833333333,0.333333333,0.8,0.5,0.277777778,0.428571429,0.085714286,1,0.5,1
257,0.953125,0.5,0.333333333,0.533333333,0.5,0.166666667,0.428571429,0,1,1,0
258,0.609375,0.5,0.333333333,0.266666667,1,0.166666667,0.428571429,0.057142857,1,1,1
259,0.5,0.5,0.583333333,0,1,0.166666667,0.571428571,0,1,1,1
260,0.78125,0.666666667,0.583333333,0.333333333,1,0.222222222,0.428571429,0.057142857,1,1,1
261,0.34375,0.75,0.833333333,0,0.5,0.25,0.571428571,0,1,0.5,1
262,0.3125,0.666666667,0.583333333,0.666666667,1,0.222222222,0.428571429,0.142857143,0.75,1,1
263,0.828125,0.833333333,0.583333333,0.733333333,0.5,0.277777778,0.428571429,0.342857143,1,1,1
264,0.953125,0.5,0.333333333,0.333333333,1,0.166666667,0.428571429,0.057142857,1,1,1
265,0.65625,0.5,0.333333333,0.533333333,1,0.166666667,0.428571429,0.028571429,1,1,1
266,0.828125,0.5,0.333333333,0.533333333,1,0.166666667,0.428571429,0.028571429,1,1,1
267,0.421875,0.166666667,0.25,0.066666667,1,0.055555556,0.428571429,0,1,1,1
268,0.375,0.666666667,0.583333333,0.533333333,0.5,0.222222222,0.428571429,0,1,1,1
269,0.765625,0.5,0.583333333,0,1,0.166666667,0.428571429,0,1,1,1
270,0.609375,0.416666667,0.333333333,0,1,0.138888889,0.428571429,0,0.75,1,1
271,1,0.666666667,0.583333333,0.266666667,1,0.222222222,0.428571429,0.085714286,1,1,1
272,0.625,0.5,0.333333333,0.333333333,1,0.166666667,0.428571429,0.028571429,1,1,1
273,0.75,0.833333333,0.25,0.8,1,0.277777778,0.428571429,0.342857143,1,1,1
274,0.625,0.416666667,0.333333333,0.066666667,1,0.138888889,1,0,1,1,1
275,0.578125,0.5,0.583333333,0,0.5,0.166666667,0.428571429,0,1,1,1
276,0.78125,0.5,0.333333333,0.533333333,1,0.166666667,0.285714286,0.028571429,0.75,1,1
277,0.75,0.416666667,0.333333333,0,1,0.138888889,0.428571429,0,1,1,1
278,0.75,0.5,0.583333333,0.066666667,1,0.166666667,0.285714286,0,0.75,1,1
279,0.71875,0.416666667,0.333333333,0,1,0.138888889,0.285714286,0,0.75,1,1
280,0.828125,0.5,0.333333333,0.266666667,1,0.166666667,0.428571429,0.028571429,1,1,1
281,0.328125,0.5,0.333333333,0.266666667,1,0.166666667,0.428571429,0.028571429,1,1,1
282,0.734375,0.416666667,0.333333333,0.066666667,1,0.138888889,0.285714286,0,0.75,1,1
283,0.359375,0.833333333,0.333333333,0.8,1,0.277777778,0.428571429,0.542857143,1,1,1
284,0.265625,0.5,0.333333333,0.333333333,1,0.166666667,0.285714286,0.057142857,0.75,1,1
285,0.390625,0.416666667,0.25,0.333333333,1,0.138888889,0.285714286,0.085714286,0.75,1,1
286,0.46875,0.5,0.583333333,0,1,0.166666667,0.571428571,0,1,1,1
287,0.71875,0.166666667,0.25,0.066666667,1,0.055555556,0.285714286,0,0.75,1,1
288,0.71875,0.5,0.333333333,0.333333333,1,0.166666667,0.285714286,0.028571429,0.75,1,1
289,0.765625,0.166666667,0.25,0.066666667,1,0.055555556,0.857142857,0,1,1,1
290,0.703125,0.416666667,0.333333333,0.066666667,1,0.138888889,0.428571429,0,1,1,1
291,0.75,0.416666667,0.333333333,0,0.5,0.138888889,0.285714286,0,1,1,1
292,0.625,0.416666667,0.333333333,0,0.5,0.138888889,0.285714286,0,1,1,1
293,0.046875,0.5,0.333333333,0.333333333,0.5,0.166666667,0.285714286,0.028571429,1,1,1
294,0.65625,0.416666667,0.333333333,0,0.5,0.138888889,0.285714286,0,1,1,1
295,0.5625,0.416666667,0.333333333,0,0.5,0.138888889,0.285714286,0,1,1,1
296,0.15625,0.666666667,0.333333333,0.6,0.5,0.222222222,0.285714286,0.114285714,1,1,1
297,0.390625,0.5,0.333333333,0.266666667,0.5,0.166666667,0.285714286,0.057142857,1,1,1
298,0.5,0.5,0.333333333,0.266666667,0.5,0.166666667,0.285714286,0.057142857,1,1,1
299,0.828125,0.5,0.583333333,0,0.5,0.166666667,0.285714286,0,1,1,1
300,0.78125,0.416666667,0.333333333,0,0.5,0.138888889,0.285714286,0,1,1,1
301,0.234375,0.75,0.75,0,0.5,0.25,0.285714286,0,1,1,1
302,0.46875,0.416666667,0.333333333,0,0.5,0.138888889,0.285714286,0,1,1,1
303,0.453125,0.416666667,0.333333333,0,0.5,0.138888889,0.285714286,0,1,1,1
304,0.6875,0.666666667,0.333333333,0.6,0.5,0.222222222,0.285714286,0.114285714,1,1,1
305,0.5625,0.416666667,0.333333333,0,0.5,0.138888889,0.285714286,0,1,1,1
306,0.703125,0.416666667,0.333333333,0,0.5,0.138888889,0.285714286,0,1,1,1
307,0.09375,0.166666667,0.166666667,0,0.5,0.055555556,0.285714286,0,1,1,1
308,0.515625,0.916666667,0.333333333,0.6,0.75,0.305555556,0.285714286,0.228571429,1,1,1
309,0.96875,0.75,0.75,0,0.5,0.25,0.285714286,0,1,1,1
310,0.5625,0.416666667,0.333333333,0,0.5,0.138888889,0.285714286,0,1,1,1
311,0.546875,0.166666667,0.25,0,0.5,0.055555556,0.428571429,0,1,1,1
312,0.453125,0.166666667,0.25,0,0.5,0.055555556,0.428571429,0,1,1,1
313,0.578125,0.5,0.333333333,0.266666667,0.5,0.166666667,0.285714286,0.028571429,1,1,1
314,0.5,0.416666667,0.333333333,0,0.5,0.138888889,0.285714286,0,1,1,1
315,0.640625,0.666666667,0.333333333,0.6,0.5,0.222222222,0.285714286,0.057142857,1,1,1
316,0.40625,0.416666667,0.333333333,0,0.5,0.138888889,0.285714286,0,1,1,1
317,0.453125,0.166666667,0.25,0,0.5,0.055555556,0.285714286,0,1,1,1
318,0.296875,0.666666667,0.333333333,0.6,0.5,0.222222222,0.285714286,0.028571429,1,1,1
319,0.546875,0.416666667,0.333333333,0,0.5,0.138888889,0.285714286,0,1,1,1
320,0.65625,0.666666667,0.333333333,0.6,0.5,0.222222222,0.285714286,0.028571429,1,1,1
321,0.515625,0.666666667,0.333333333,0.6,0.5,0.222222222,0.285714286,0.057142857,1,1,1
322,0.671875,0.666666667,0.333333333,0.6,0.5,0.222222222,0.285714286,0.028571429,1,1,1
323,0.453125,0.666666667,0.333333333,0.6,0.5,0.222222222,0.285714286,0.2,1,1,1
324,0.578125,0.666666667,0.333333333,0.6,0.5,0.222222222,0.285714286,0.028571429,1,1,1
325,0.4375,0.666666667,0.333333333,0.6,0.5,0.222222222,0.285714286,0.028571429,1,1,1
326,0.4375,0.416666667,0.333333333,0,0.5,0.138888889,0.285714286,0,1,1,1
327,0.640625,0.666666667,0.333333333,0.6,0.5,0.222222222,0.285714286,0.2,1,1,1
328,0.15625,0.666666667,0.333333333,0.6,0.5,0.222222222,0.285714286,0.028571429,1,1,1
329,0.125,0.666666667,0.583333333,0.6,0.5,0.222222222,0.285714286,0.114285714,0.5,1,1
330,0.046875,0.083333333,0.25,0.066666667,0.5,0.027777778,0.285714286,0,1,1,1
331,0.515625,0.5,0.333333333,0.333333333,0.5,0.166666667,0.285714286,0.057142857,1,1,1
332,0.671875,0.416666667,0.333333333,0.066666667,0.5,0.138888889,0.285714286,0,0.75,1,1
333,0.4375,0.5,0.333333333,0.266666667,0.5,0.166666667,0.285714286,0,0.75,1,1
334,0.484375,0.5,0.333333333,0.333333333,0.5,0.166666667,0.285714286,0.085714286,1,1,1
335,0.25,0.5,0.333333333,0.333333333,0.5,0.166666667,0.285714286,0.057142857,1,1,1
336,0.078125,0.083333333,0.25,0.066666667,0.5,0.027777778,1,0,1,1,0
337,0.234375,0.083333333,0.25,0.066666667,0.5,0.027777778,0.285714286,0,1,1,1
338,0.234375,0.166666667,0.25,0.066666667,0.5,0.055555556,0.285714286,0,1,1,1
339,0.640625,0.5,0.333333333,0.4,0.5,0.166666667,1,0.028571429,1,1,1
340,0.234375,0.166666667,0.25,0.066666667,0.5,0.055555556,0.285714286,0,0.75,1,1
341,0.34375,0.916666667,0.75,0.333333333,0.75,0.305555556,1,0.057142857,1,1,1
342,0.546875,0.416666667,0.333333333,0.066666667,0.5,0.138888889,0.285714286,0,1,1,1
343,0.703125,0.5,0.333333333,0.266666667,0.5,0.166666667,1,0.085714286,1,1,1
344,0.546875,0.416666667,0.333333333,0.133333333,0.5,0.138888889,0.428571429,0,1,1,1
345,0.546875,0.833333333,0.333333333,0.733333333,0.5,0.277777778,0.428571429,0.428571429,1,1,1
346,0.15625,0.833333333,0.333333333,0.733333333,0.5,0.277777778,0.285714286,0.314285714,0.75,1,1
347,0.375,0.666666667,0.583333333,0.333333333,0.5,0.222222222,0.285714286,0.028571429,1,1,1
348,0.59375,0.416666667,0.333333333,0.066666667,0.5,0.138888889,0.285714286,0,1,1,1
349,0.515625,0.666666667,0.583333333,0.333333333,0.5,0.222222222,0.285714286,0.085714286,1,1,1
350,0.421875,0.666666667,0.333333333,0.666666667,0.5,0.222222222,0.285714286,0.228571429,0.75,1,1
351,0.65625,0.416666667,0.25,0.333333333,0.5,0.138888889,0.285714286,0.057142857,1,1,1
352,0.359375,0.666666667,0.333333333,0.666666667,0.5,0.222222222,1,0.114285714,1,1,1
353,0.46875,0.416666667,0.25,0.266666667,0.5,0.138888889,0.285714286,0,1,1,1
354,0.4375,0.5,0.333333333,0.333333333,0.5,0.166666667,0.428571429,0.057142857,1,1,1
355,0.515625,0.666666667,0.333333333,0.666666667,0.5,0.222222222,0.285714286,0.2,1,1,1
356,0.21875,0.5,0.333333333,0.266666667,0.5,0.166666667,0.285714286,0.057142857,0,0.5,1
357,0.1875,0.416666667,0.333333333,0.066666667,0.5,0.138888889,1,0,1,1,1
358,0.71875,0.416666667,0.333333333,0.066666667,0.5,0.138888889,1,0,0.75,1,1
359,0.203125,0.416666667,0.333333333,0.066666667,0.5,0.138888889,0.285714286,0,0.5,1,1
360,0.546875,0.416666667,0.333333333,0.066666667,0.5,0.138888889,0.285714286,0,1,1,1
361,0.046875,0.5,0.333333333,0.333333333,0.5,0.166666667,0.285714286,0.057142857,1,1,1
362,0.328125,0.416666667,0.333333333,0.133333333,0.5,0.138888889,0.285714286,0,1,1,1
363,0.578125,0.416666667,0.333333333,0.066666667,0.5,0.138888889,0.285714286,0,1,0.5,1
364,0.25,0.5,0.333333333,0.333333333,0.5,0.166666667,0.285714286,0.057142857,1,1,1
365,0.265625,0.416666667,0.25,0.333333333,0.5,0.138888889,0.285714286,0.028571429,1,1,1
366,0.390625,0.5,0.583333333,0.133333333,0.5,0.166666667,0.428571429,0,1,1,1
367,0.15625,0.416666667,0.333333333,0.066666667,0.5,0.138888889,0.285714286,0,1,1,1
368,0.765625,0.416666667,0.333333333,0.133333333,0.5,0.138888889,1,0,1,1,1
369,0.671875,0.416666667,0.333333333,0.066666667,0.5,0.138888889,1,0,0.75,1,1
370,0.3125,0.5,0.583333333,0.133333333,0.5,0.166666667,0.428571429,0,1,1,1
371,0.796875,0.416666667,0,0.266666667,0.5,0.138888889,0.285714286,0,1,1,1
372,0.390625,0.416666667,0.333333333,0,0.5,0.138888889,0.285714286,0,1,1,1
373,0.671875,0.416666667,0.333333333,0.066666667,0.5,0.138888889,0.428571429,0,1,1,1
374,0.8125,0.416666667,0,0.266666667,0.5,0.138888889,0.285714286,0.028571429,1,1,1
375,0.546875,0.666666667,0.333333333,0.666666667,1,0.222222222,0.285714286,0.114285714,1,1,1
376,0.296875,0.416666667,0.333333333,0.133333333,0.5,0.138888889,0.285714286,0,1,1,1
377,0.34375,0.416666667,0.333333333,0.066666667,1,0.138888889,0.285714286,0,1,1,1
378,0.6875,0.666666667,0.333333333,0.666666667,1,0.222222222,0.285714286,0.142857143,1,1,1
379,0.90625,0.666666667,0.333333333,0.666666667,1,0.222222222,0.285714286,0.371428571,1,1,1
380,0.359375,0.833333333,0.333333333,0.8,1,0.277777778,0.285714286,0.4,1,1,1
381,0.390625,0.416666667,0.333333333,0,0.5,0.138888889,0.285714286,0,0.75,0.5,1
382,0.453125,0.666666667,0.333333333,0.666666667,0.5,0.222222222,0.428571429,0.114285714,1,1,1
383,0.265625,0.416666667,0.333333333,0,0.5,0.138888889,0.285714286,0,1,1,1
384,0.015625,0.666666667,0.583333333,0.266666667,0.5,0.222222222,0.285714286,0.057142857,1,1,1
385,0.65625,0.5,0.333333333,0.266666667,0.5,0.166666667,0.285714286,0.028571429,1,1,0
386,0.3125,0.5,0.333333333,0.266666667,0.5,0.166666667,0.285714286,0.057142857,1,1,1
387,0.421875,0.666666667,0.333333333,0.6,0.5,0.222222222,0.285714286,0.142857143,0.75,0,1
388,0.140625,0.416666667,0.333333333,0,0.5,0.138888889,0.285714286,0,0,0,0
389,0.625,0.416666667,0.333333333,0,0.5,0.138888889,0.285714286,0,0,0,0
390,0.375,0.666666667,0.583333333,0.266666667,0.5,0.222222222,0.285714286,0.085714286,1,1,0
391,0.59375,0.416666667,0,0.266666667,0.5,0.138888889,0.285714286,0.085714286,0,0,0
392,0.4375,0.416666667,0.333333333,0,0.5,0.138888889,0.285714286,0,1,1,1
393,0.265625,0.666666667,0.333333333,0.6,0.75,0.222222222,0.285714286,0.171428571,1,1,1
394,0.734375,0.5,0.333333333,0.266666667,0.5,0.166666667,0.285714286,0,1,0,0
395,0.328125,0.666666667,0.333333333,0.6,0.5,0.222222222,0.285714286,0.114285714,1,1,1
396,0.515625,0.5,0.333333333,0.266666667,0.5,0.166666667,0.285714286,0.028571429,1,0.5,1
397,0.4375,0.416666667,0.333333333,0,0.5,0.138888889,0.285714286,0,1,1,1
398,0.390625,0.5,0.333333333,0.266666667,0.5,0.166666667,0.285714286,0.028571429,1,1,1
399,0.328125,0.416666667,0.333333333,0,0.5,0.138888889,0.571428571,0,1,1,1
400,0.890625,0.083333333,0,0,0.5,0.027777778,0.285714286,0,1,1,1
401,0.6875,0.083333333,0,0,0.5,0.027777778,0.428571429,0,1,1,1
402,0.53125,0.666666667,0.583333333,0.266666667,0.5,0.222222222,0.428571429,0.085714286,1,1,1
403,0.40625,0.666666667,0.583333333,0.266666667,0.5,0.222222222,0.428571429,0.028571429,1,1,1
404,0.3125,0.416666667,0.333333333,0,0.5,0.138888889,0.285714286,0,1,0.5,1
405,0.328125,0.416666667,0,0.266666667,0.5,0.138888889,0.285714286,0.057142857,1,1,1
406,0.84375,0.083333333,0,0,0.5,0.027777778,0.285714286,0,1,1,1
407,0.359375,0.416666667,0.333333333,0,0.5,0.138888889,0.285714286,0,1,1,1
408,0.375,0.666666667,0,0.6,0.5,0.222222222,0.285714286,0.142857143,1,1,1
409,0.4375,0.5,0.333333333,0.266666667,0.5,0.166666667,0.285714286,0.028571429,0.5,0,1
410,0.203125,0.666666667,0.333333333,0.6,0.5,0.222222222,0.285714286,0.114285714,1,1,1
411,0.609375,0.416666667,0.333333333,0,0.5,0.138888889,0.285714286,0,1,1,1
412,0.59375,0.083333333,0,0,0.5,0.027777778,0.285714286,0,1,1,1
413,0.609375,0.083333333,0,0,0.5,0.027777778,0.285714286,0,1,1,1
414,0.609375,0.416666667,0.333333333,0,0.5,0.138888889,0.428571429,0,1,1,1
415,0.3125,0.416666667,0.333333333,0,0.5,0.138888889,0.285714286,0,1,0,1
416,0,0.5,0.333333333,0.266666667,0.5,0.166666667,0.285714286,0.057142857,1,1,1
417,0.1875,0.666666667,0.333333333,0.6,0.5,0.222222222,0.714285714,0.114285714,1,1,1
418,0.4375,0.083333333,0,0,0.5,0.027777778,0.285714286,0,1,1,1
419,0.265625,0.666666667,0.583333333,0.6,0.5,0.222222222,0.714285714,0.2,1,1,1
420,0.328125,0.083333333,0,0,0.5,0.027777778,0.285714286,0,1,1,0
421,0.359375,0.5,0.583333333,0,0.5,0.166666667,0.285714286,0,1,0,1
422,0.296875,0.666666667,0,0.6,0.5,0.222222222,0.285714286,0.171428571,1,1,1
423,0.546875,0.083333333,0,0,0.5,0.027777778,0.285714286,0,1,1,1
424,0.3125,0.833333333,0.583333333,0.733333333,0.5,0.277777778,0.428571429,0.428571429,1,1,1
425,0.328125,0.416666667,0,0.266666667,0.5,0.138888889,0.285714286,0.057142857,1,1,1
426,0.40625,0.5,0.333333333,0.266666667,0.5,0.166666667,0.285714286,0.028571429,1,1,1
427,0.453125,0.5,0.333333333,0.266666667,0.5,0.166666667,0.285714286,0.085714286,1,0,1
428,0.40625,0.416666667,0.333333333,0,0.5,0.138888889,0.714285714,0,1,0,1
429,0.484375,0.416666667,0.333333333,0,0.5,0.138888889,0.285714286,0,1,0,1
430,0.5,0.416666667,0.333333333,0,0.5,0.138888889,0.285714286,0,1,1,1
431,0.390625,0.666666667,0.333333333,0.6,0.5,0.222222222,0.285714286,0.114285714,1,1,1
432,0.375,0.083333333,0,0,0.5,0.027777778,0.285714286,0,1,1,1
433,0.375,0.666666667,0.333333333,0.6,0.5,0.222222222,0.285714286,0.257142857,1,1,1
434,0.5625,0.083333333,0,0,0.5,0.027777778,0.285714286,0,1,1,1
435,0.296875,0.416666667,0.333333333,0,0.5,0.138888889,0.285714286,0,1,0,1
436,0.671875,0.083333333,0,0,0.5,0.027777778,0.428571429,0,1,1,1
437,0.453125,0.583333333,0.583333333,0.733333333,0.5,0.194444444,0.428571429,0.828571429,1,1,1
438,0.21875,0.666666667,0.583333333,0.266666667,1,0.222222222,0.428571429,0.028571429,1,1,1
439,0.5625,0.583333333,0.583333333,0.6,0.5,0.194444444,0.428571429,0.142857143,1,1,1
440,0.359375,0.333333333,0,0.266666667,0.5,0.111111111,0.428571429,0.028571429,1,1,1
441,0.609375,0.416666667,0.333333333,0,0.5,0.138888889,0.428571429,0,1,1,1
442,0.3125,0.5,0.333333333,0.266666667,0.5,0.166666667,0.428571429,0.028571429,1,1,1
443,0.515625,0.5,0.583333333,0,0.5,0.166666667,0.428571429,0,1,1,1
444,0.359375,0.083333333,0,0,0.5,0.027777778,0.571428571,0,1,1,1
445,0.5625,0.416666667,0.333333333,0,0.5,0.138888889,0.428571429,0,1,1,1
446,0.65625,0.833333333,0.333333333,0.733333333,0.5,0.277777778,0.428571429,0.285714286,1,1,1
447,0.4375,0.5,0.333333333,0.266666667,0.5,0.166666667,0.428571429,0.028571429,1,1,1
448,0.65625,0.666666667,0.583333333,0.266666667,0.5,0.222222222,1,0.028571429,1,1,1
449,0.734375,0.416666667,0.333333333,0,0.5,0.138888889,0.285714286,0,0.75,1,0
450,0.296875,0.166666667,0.25,0.066666667,0.5,0.055555556,0.285714286,0,1,1,0
451,0.359375,0.5,0.333333333,0.4,0.5,0.166666667,0.285714286,0.142857143,1,1,0
452,0.5625,0.916666667,0.583333333,1,0.75,0.305555556,0.285714286,0.857142857,1,1,0
453,0.390625,0.416666667,0.333333333,0.066666667,0.5,0.138888889,1,0,1,1,1
454,0.59375,0.916666667,0.583333333,0.733333333,0.75,0.305555556,0.285714286,0.228571429,1,1,0
455,1,1,0.333333333,1,1,0.333333333,1,0.857142857,1,1,0
456,0.1875,0.666666667,0.583333333,0.4,0.5,0.222222222,0.714285714,0.171428571,0.75,1,0
457,0.375,0.5,0.333333333,0.4,0.5,0.166666667,0.285714286,0.114285714,1,1,0
458,0.859375,0.666666667,0.583333333,0.4,0.5,0.222222222,0.428571429,0.714285714,1,1,0
459,0.25,0.5,0.583333333,0.066666667,0.5,0.166666667,0.285714286,0,0.75,1,1
460,0.578125,0.75,0.75,0.266666667,0.5,0.25,0.285714286,0.028571429,1,1,0
461,0.765625,0.5,0.583333333,0.066666667,0.5,0.166666667,1,0,0.75,1,1
462,0.296875,1,0.25,1,1,0.333333333,1,0.857142857,1,1,0
463,0.625,0.416666667,0.333333333,0.066666667,0.5,0.138888889,0.285714286,0,1,1,1
464,0.75,0.166666667,0.25,0.066666667,0.5,0.055555556,0.428571429,0,1,1,0
465,0.21875,0.666666667,0.583333333,0.4,0.5,0.222222222,0.285714286,0.028571429,1,1,0
466,0.546875,1,1,0.066666667,0.5,0.333333333,0.285714286,0,0.75,1,0
467,0,0.5,0.583333333,0.066666667,0.5,0.166666667,0.285714286,0,1,1,0
468,0.390625,0.416666667,0.333333333,0.066666667,0.5,0.138888889,0.285714286,0,0.75,1,0
469,0.28125,0.75,0.833333333,0.4,0.5,0.25,0.285714286,0.171428571,1,1,1
470,0.53125,0.416666667,0.333333333,0.066666667,0.5,0.138888889,0.285714286,0,0.75,1,0
471,0.484375,1,1,1,1,0.333333333,0.285714286,0.857142857,0.75,1,0
472,0.53125,0.166666667,0.25,0.066666667,0.5,0.055555556,0.285714286,0,1,1,0
473,0.703125,0.75,0.75,0.333333333,0.5,0.25,0.285714286,0.057142857,1,1,0
474,0.734375,0,0.333333333,0.4,0.5,0,0.714285714,0.057142857,1,1,0
475,0.65625,0.5,0.583333333,0.066666667,0.5,0.166666667,0.428571429,0,1,1,0
476,0.1875,0.416666667,0.333333333,0.066666667,0.5,0.138888889,0.285714286,0,1,1,0
477,0.203125,0.666666667,0.583333333,0.266666667,0.5,0.222222222,0.285714286,0.028571429,1,1,0
478,0.21875,0.166666667,0.25,0.066666667,0.5,0.055555556,1,0,1,1,1
479,0.25,0.666666667,0.583333333,0.6,0.5,0.222222222,0.714285714,0.142857143,1,1,1
480,0.5,1,0.25,1,1,0.333333333,0.285714286,0.857142857,0.75,1,0
481,0.546875,0.5,0.333333333,0.266666667,0.5,0.166666667,0.285714286,0.028571429,1,1,1
482,0.640625,0.5,0.333333333,0.4,0.5,0.166666667,0.285714286,0.114285714,1,1,0
483,0.5,1,0.333333333,0.4,1,0.333333333,0.285714286,0.142857143,0.75,1,0
484,0.21875,0.666666667,0.583333333,0.4,0.5,0.222222222,1,0.257142857,0.75,1,0
485,0.21875,0.666666667,0.583333333,0.4,0.5,0.222222222,0.285714286,0.085714286,1,1,0
486,0.375,0.333333333,0.333333333,0.4,0.5,0.111111111,0.285714286,0.314285714,0.75,1,0
487,0.4375,0.083333333,0.25,0.066666667,0.5,0.027777778,1,0,1,1,0
488,0.34375,0.5,0.333333333,0.266666667,0.75,0.166666667,0.285714286,0.457142857,1,1,1
489,0.5625,0.5,0.333333333,0.4,0.5,0.166666667,0.285714286,0.057142857,1,1,0
490,0.546875,0.5,0.333333333,0.4,0.5,0.166666667,0.285714286,0.085714286,0.75,1,0
491,0.5625,1,0.25,1,1,0.333333333,0.714285714,0.857142857,1,1,0
492,0.640625,0.5,0.333333333,0.266666667,0.5,0.166666667,0.285714286,0.028571429,1,1,0
493,0.65625,0.5,0.333333333,0.266666667,0.5,0.166666667,0.285714286,0.057142857,1,1,0
494,0.578125,0.083333333,0.25,0,0.5,0.027777778,0.285714286,0,1,1,0
495,0.484375,0.75,0.833333333,0.266666667,0.5,0.25,0.285714286,0.685714286,1,1,0
496,0.5625,0.416666667,0.333333333,0,0.5,0.138888889,0.428571429,0,1,0.5,1
497,0.375,0.916666667,0.583333333,0.266666667,0.75,0.305555556,0.714285714,0.028571429,0.75,1,1
498,0.265625,0.666666667,0.333333333,0.666666667,0.5,0.222222222,0.285714286,0.114285714,0.75,1,1
499,0.328125,0.416666667,0.25,0.333333333,0.5,0.138888889,0.285714286,0.028571429,0.75,1,1
500,0.328125,0.083333333,0.25,0.066666667,0.5,0.027777778,0.285714286,0,0.75,1,1
501,0.453125,0.833333333,0.333333333,0.8,0.5,0.277777778,0.714285714,0.285714286,0.75,1,1
502,0.28125,0.666666667,0.25,0.666666667,0.5,0.222222222,0.285714286,0.171428571,0.75,1,1
503,0.78125,0.083333333,0.166666667,0.066666667,0.5,0.027777778,0.428571429,0,1,1,1
504,0.390625,0.5,0.583333333,0.066666667,0.5,0.166666667,0.428571429,0,1,1,1
505,0.296875,0.416666667,0.333333333,0,0.5,0.138888889,0.285714286,0,1,1,1
506,0.40625,0.083333333,0.25,0,0.5,0.027777778,0.285714286,0,0.75,0,1
507,0.46875,0.416666667,0.25,0.333333333,0.5,0.138888889,0.285714286,0.057142857,1,0,1
508,0.5625,0.416666667,0.333333333,0.066666667,0.5,0.138888889,0.285714286,0,1,0,1
509,0.328125,0.666666667,0.583333333,0.333333333,0.25,0.222222222,0.285714286,0.028571429,1,1,1
510,0.46875,0.083333333,0.25,0,0.5,0.027777778,0.285714286,0,0.75,0,1
511,0.625,0.5,0.333333333,0.333333333,0.5,0.166666667,0.285714286,0.028571429,1,0,1
512,0.421875,0.5,0.333333333,0.333333333,0.5,0.166666667,0.285714286,0.057142857,1,0,1
513,0.21875,0.666666667,0.333333333,0.666666667,0.5,0.222222222,0.428571429,0.142857143,1,1,1
514,0.328125,0.083333333,0.25,0,0.5,0.027777778,0.285714286,0,1,1,1
515,0.25,0.5,0.333333333,0.333333333,0.5,0.166666667,0.285714286,0.028571429,1,1,1
516,0.59375,0.083333333,0.166666667,0.066666667,0.5,0.027777778,0.285714286,0,1,0,1
517,0.28125,0.166666667,0.25,0.066666667,0.5,0.055555556,0.285714286,0,1,0,1
518,0.390625,0.833333333,0.583333333,0.8,0.5,0.277777778,0.714285714,0.771428571,1,0,1
519,0.53125,0.833333333,0.333333333,0.733333333,0.5,0.277777778,0.285714286,0.342857143,1,0,1
520,0.328125,0.416666667,0.25,0.333333333,0.5,0.138888889,0.285714286,0.057142857,1,0,1
521,0.46875,0.5,0.333333333,0.533333333,0.5,0.166666667,0.285714286,0.028571429,1,1,1
522,0.734375,0.083333333,0,0,0.5,0.027777778,0.285714286,0,1,1,1
523,0.234375,0.5,0.333333333,0.333333333,0.5,0.166666667,0.285714286,0.057142857,1,0,1
524,0.140625,0.083333333,0.25,0,0.5,0.027777778,0.285714286,0,1,1,1
525,0.4375,0.5,0.333333333,0.333333333,0.5,0.166666667,0.285714286,0.085714286,1,0,1
526,0.4375,0.083333333,0.166666667,0,0.5,0.027777778,0.285714286,0,1,1,1
527,0.78125,0.083333333,0.25,0,0.5,0.027777778,0.285714286,0,1,1,1
528,0.203125,0.083333333,0.25,0,0.5,0.027777778,0.285714286,0,1,1,1
529,0.515625,0.083333333,0.25,0,0.5,0.027777778,0.285714286,0,1,1,1
530,0.453125,0.666666667,0.583333333,0.466666667,0.5,0.222222222,0.285714286,0,1,1,1
531,0.46875,0.416666667,0.25,0.533333333,0.5,0.138888889,0.285714286,0.857142857,1,1,1
532,0.8125,0.5,0.333333333,0.333333333,0.5,0.166666667,0.285714286,0.057142857,1,0,1
533,0.703125,0.083333333,0.25,0,0.5,0.027777778,0.285714286,0,0.75,1,0
534,0.515625,0.666666667,0.583333333,0.333333333,0.5,0.222222222,0.285714286,0.028571429,1,1,1
535,0.5625,0.416666667,0.25,0.333333333,0.5,0.138888889,0.285714286,0.028571429,1,0,1
536,0.546875,0.666666667,0.583333333,0.666666667,0.5,0.222222222,0.428571429,0.228571429,1,1,1
537,0.328125,0.083333333,0.25,0,0.5,0.027777778,0.714285714,0,1,0,1
538,0.34375,0.5,0.333333333,0.533333333,0.5,0.166666667,0.285714286,0.028571429,1,1,1
539,0.5625,0.416666667,0.333333333,0,0.5,0.138888889,0.285714286,0,1,1,1
540,0.0625,0.416666667,0.333333333,0,0.5,0.138888889,0.285714286,0,0.75,1,1
541,0.578125,0.5,0.333333333,0.333333333,0.5,0.166666667,0.285714286,0.085714286,1,0,1
542,0.578125,0.5,0.333333333,0.333333333,0.5,0.166666667,0.285714286,0.085714286,1,1,1
543,0.359375,0.416666667,0.333333333,0.066666667,0.5,0.138888889,0.285714286,0,1,0,1
544,0.59375,0.416666667,0.333333333,0,0.5,0.138888889,1,0,1,1,1
545,0.8125,0.083333333,0.25,0,0.5,0.027777778,0.285714286,0,1,1,1
546,0.53125,0.5,0.583333333,0.066666667,0.5,0.166666667,0.428571429,0,1,0,1
547,0.25,0.5,0.333333333,0.266666667,0.5,0.166666667,0.285714286,0.028571429,1,0,1
548,0.703125,0.666666667,0.333333333,0.666666667,0.5,0.222222222,0.285714286,0.228571429,1,0,1
549,0.234375,0.416666667,0.25,0.333333333,0.5,0.138888889,0.285714286,0.028571429,1,0,1
550,0.4375,0.666666667,0.333333333,0.666666667,0.5,0.222222222,0.285714286,0.257142857,1,0,1
551,0.5625,0.083333333,0.166666667,0,0.5,0.027777778,0.285714286,0,1,1,1
552,0.265625,0.5,0.333333333,0.333333333,0.5,0.166666667,0.285714286,0.028571429,1,0,1
553,0.1875,0.833333333,0.583333333,0.8,0.5,0.277777778,0.285714286,0.285714286,1,0,1
554,0.40625,0.5,0.333333333,0.266666667,0.5,0.166666667,0.285714286,0.057142857,1,0,1
555,0.359375,0.666666667,0.333333333,0.666666667,0.5,0.222222222,0.285714286,0.114285714,0.75,0,1
556,0.671875,0.166666667,0.25,0.066666667,0.5,0.055555556,0.285714286,0,1,0,1
557,0.828125,0.5,0.333333333,0.333333333,0.5,0.166666667,0.285714286,0.028571429,1,0,1
558,0.421875,0.5,0.333333333,0.333333333,0.5,0.166666667,0.428571429,0.085714286,1,0,1
559,0.71875,0.416666667,0.25,0.333333333,0.5,0.138888889,0.285714286,0.057142857,1,1,1
560,0.671875,0.166666667,0.25,0.066666667,0.5,0.055555556,0.285714286,0,1,0,1
561,0.65625,0.5,0.583333333,0.066666667,0.5,0.166666667,0.285714286,0,1,0,1
562,0.390625,0.416666667,0.25,0.333333333,0.5,0.138888889,0.285714286,0.057142857,1,1,1
563,0.640625,0.416666667,0.333333333,0.266666667,0.5,0.138888889,0.285714286,0.085714286,1,0,1
564,0.5625,0.416666667,0.25,0.333333333,0.5,0.138888889,0.285714286,0.028571429,1,0,1
565,0.671875,0.166666667,0.25,0.066666667,0.5,0.055555556,0.285714286,0,1,0,1
566,0.3125,0.083333333,0.25,0,0.5,0.027777778,0.285714286,0,1,1,1
567,0.296875,0.083333333,0.25,0.066666667,0.5,0.027777778,0.285714286,0,1,1,1
568,0.875,0.083333333,0.166666667,1,0.5,0.027777778,0.285714286,0,1,0,1
569,0.671875,0.416666667,0.333333333,0.066666667,0.5,0.138888889,0.285714286,0,1,0,1
570,0.078125,0.083333333,0.25,0.066666667,0.5,0.027777778,0.285714286,0,1,1,1
571,0.453125,0.166666667,0.25,0.066666667,0.5,0.055555556,0.285714286,0,1,0,1
572,0.796875,0.166666667,0.25,0.066666667,0.5,0.055555556,0.285714286,0,1,0,1
573,0.8125,0.166666667,0.25,0.066666667,0.5,0.055555556,0.285714286,0,1,0,1
574,0.859375,0.5,0.333333333,0.266666667,0.5,0.166666667,0.285714286,0.057142857,1,0,1
575,0.34375,0.416666667,0.25,0.333333333,0.5,0.138888889,0.285714286,0.028571429,1,0,1
576,0.609375,0.666666667,0.583333333,0.666666667,0.5,0.222222222,0.428571429,0.228571429,1,0,1
577,0.46875,0.416666667,0.333333333,0.133333333,0.5,0.138888889,0.285714286,0,1,0,1
578,0.40625,0.166666667,0.25,0.066666667,0.5,0.055555556,0.285714286,0,1,0,1
579,0.5625,0.166666667,0.25,0.066666667,0.5,0.055555556,0.285714286,0,0.5,0,1
580,0.4375,0.5,0.333333333,0.333333333,0.5,0.166666667,0.285714286,0.057142857,1,0,1
581,0.53125,0.083333333,0.25,0,0.5,0.027777778,0.285714286,0,1,1,1
582,0.515625,0.416666667,0.333333333,0.066666667,0.5,0.138888889,0.285714286,0,1,0,1
583,0.5,0.416666667,0.25,0.333333333,0.5,0.138888889,0.285714286,0.028571429,1,1,1
584,0.3125,0.416666667,0.333333333,0.066666667,0.5,0.138888889,0.285714286,0.857142857,1,1,1
585,0.796875,0.416666667,0.25,0.333333333,0.5,0.138888889,0.285714286,0.028571429,1,1,1
586,0.359375,0.083333333,0.25,0.066666667,0.5,0.027777778,0.285714286,0,1,1,1
587,0.875,0.083333333,0.25,0.066666667,0.5,0.027777778,0,0,1,1,1
588,0.375,0.416666667,0.333333333,0,0.5,0.138888889,0.285714286,0,1,1,1
589,0.859375,0.166666667,0.25,0,0.5,0.055555556,0.285714286,0,1,1,1
590,0.578125,0.166666667,0.166666667,0,0.5,0.055555556,0.285714286,0,1,1,1
591,0.421875,0.416666667,0.25,0.333333333,0.25,0.138888889,0.285714286,0.028571429,1,1,1
592,0.46875,0.916666667,0.833333333,0.6,0.75,0.305555556,0.285714286,0.857142857,1,1,0
593,0.3125,0.083333333,0,0,0.5,0.027777778,0.285714286,0,1,1,0
594,0.375,0.666666667,0.583333333,0.533333333,0.5,0.222222222,0.285714286,0.028571429,1,1,0
595,0.203125,0.666666667,0.583333333,0.266666667,0.5,0.222222222,0.285714286,0.114285714,1,1,0
596,0.96875,0.416666667,0.333333333,0.4,0.5,0.138888889,0.285714286,0.057142857,1,1,0
597,0.53125,0.083333333,0,0,0.5,0.027777778,0.285714286,0,1,0,0
598,0.46875,0.5,0.333333333,0.4,0.5,0.166666667,0.285714286,0.057142857,1,1,0
599,0.375,0.416666667,0.5,0.266666667,0.5,0.138888889,0.285714286,0.285714286,1,1,0
600,0.828125,0.083333333,0.25,0,0.5,0.027777778,0.857142857,0,1,1,1
601,0.6875,0.416666667,0.333333333,0,0.5,0.138888889,0.285714286,0.857142857,1,1,0
602,0.71875,0.666666667,0.333333333,0.666666667,0.5,0.222222222,0.285714286,0.257142857,1,1,0
603,0.34375,0.5,0.333333333,0.4,0.5,0.166666667,0.285714286,0,1,1,0
604,0.8125,0.416666667,0.333333333,1,0.5,0.138888889,0.285714286,0.857142857,1,1,0
605,0.65625,0.416666667,0.25,0.266666667,0.5,0.138888889,0.714285714,0.028571429,1,1,0
606,0.140625,0.5,0.333333333,0.333333333,0.5,0.166666667,0.285714286,0.028571429,1,1,1
607,0.453125,0.083333333,0,0,0.5,0.027777778,0.285714286,0.028571429,1,1,0
608,0.890625,0.083333333,0,0,0.5,0.027777778,0.285714286,0.857142857,1,1,0
609,0.296875,0.666666667,0.583333333,0.4,0.5,0.222222222,0.285714286,0.085714286,1,1,0
610,0.1875,0.416666667,0.333333333,0.4,0.5,0.138888889,0.285714286,0.028571429,1,1,0
611,0.640625,0.5,0.333333333,0.4,0.5,0.166666667,0.285714286,0.057142857,1,1,0
612,0.828125,0.416666667,0.333333333,0,0.5,0.138888889,0.285714286,0,1,1,0
613,0.84375,0.416666667,0.083333333,0.466666667,0.5,0.138888889,0.285714286,0.028571429,1,1,0
614,0.421875,0.75,0.833333333,0.4,0.5,0.25,0.285714286,0.171428571,1,1,0
615,0.5625,0.416666667,0.25,0.333333333,0.5,0.138888889,0.285714286,0.028571429,1,1,1
616,0.390625,0,0.916666667,0.666666667,1,0,0.285714286,0.171428571,1,1,0
617,0.984375,0.75,0.833333333,0.6,0.5,0.25,0.285714286,0.342857143,1,1,0
618,0.53125,0.5,0.333333333,0.4,0.5,0.166666667,0.285714286,0,1,1,1
619,0.8125,0.416666667,0.25,0.4,0.5,0.138888889,0.571428571,0.028571429,0.75,1,1
620,0.65625,0.083333333,0.25,0,0.5,0.027777778,0.285714286,0,1,1,0
621,0.078125,0.5,0.333333333,0.266666667,0.5,0.166666667,0.285714286,0.028571429,1,1,0
622,0.96875,0.083333333,0.25,1,0.5,0.027777778,0.285714286,0.857142857,1,1,1
623,0.328125,0.916666667,0.333333333,0.4,0.75,0.305555556,0.285714286,0.228571429,1,1,0
624,0.625,0.666666667,0.583333333,0.4,0.5,0.222222222,0.285714286,0.171428571,1,1,0
625,0.671875,0.5,0.333333333,0.4,0.5,0.166666667,0.285714286,0.114285714,1,1,0
626,0.28125,0.666666667,0.333333333,0.6,0.5,0.222222222,0.285714286,0.228571429,1,1,0
627,0.125,0.416666667,0.333333333,0,0.5,0.138888889,0.285714286,0,1,1,0
628,0.734375,0.75,0.833333333,0.333333333,0.5,0.25,1,0.114285714,1,1,0
629,0.28125,0.166666667,0.25,0,0.5,0.055555556,0.285714286,0,1,1,0
630,0.59375,0.166666667,0,0,0.5,0.055555556,0.285714286,0,1,1,1
631,0.53125,0.333333333,0.333333333,0,0.5,0.111111111,0.285714286,0,1,1,1
632,0.8125,0.5,0.333333333,0.4,0.5,0.166666667,0.285714286,1,1,1,0
633,0.84375,0.5,0.333333333,0.4,0.5,0.166666667,0.285714286,0.057142857,1,1,0
634,0.34375,0.5,0.333333333,0.4,0.5,0.166666667,0.285714286,0.085714286,1,1,0
635,0.796875,0.083333333,0.25,0,0.5,0.027777778,0.571428571,0,0.75,1,0
636,0.375,0.833333333,0.666666667,0.733333333,0.5,0.277777778,0.428571429,0.4,1,1,1
637,0.3125,0.5,0.333333333,0.333333333,0.5,0.166666667,0.428571429,0.057142857,1,1,1
638,0.296875,0.416666667,0.333333333,0.066666667,0.5,0.138888889,0.428571429,0,1,1,1
639,0.765625,0.416666667,0.333333333,0.133333333,0.5,0.138888889,0.428571429,0.857142857,0.75,1,1
640,0.84375,0.416666667,0.333333333,0,0.5,0.138888889,0.428571429,0.857142857,0.75,1,1
641,0.234375,0.25,0.25,0.533333333,0.5,0.083333333,0.285714286,0.028571429,0.75,1,1
642,0.390625,0.5,0.333333333,0.333333333,0.25,0.166666667,0.285714286,0.028571429,0.75,1,1
643,0.578125,0.166666667,0.25,0,0.5,0.055555556,0.285714286,0,0.75,1,1
644,0.3125,0.416666667,0.333333333,0,0.5,0.138888889,0.285714286,0,0.75,1,1
645,0.546875,0.416666667,0.333333333,0,0.5,0.138888889,0.571428571,0.857142857,1,1,1
646,0.953125,0.166666667,0.25,0.133333333,0.5,0.055555556,0.428571429,0,1,1,1
647,0.5,0.166666667,0.166666667,0,0.5,0.055555556,0.428571429,0,1,1,1
648,0.4375,0.5,0.333333333,0.333333333,0.5,0.166666667,0.428571429,0.085714286,1,1,1
649,0.421875,0.666666667,0.583333333,0.333333333,0.5,0.222222222,0.428571429,0.085714286,1,1,1
650,0.84375,0.5,0.333333333,0.266666667,0.5,0.166666667,0.285714286,0.028571429,0.5,1,1
651,0.640625,0.416666667,0.333333333,0.066666667,0.5,0.138888889,0.285714286,0.857142857,0.5,1,1
652,0.6875,0.416666667,0.333333333,0.066666667,0.5,0.138888889,0.285714286,0.857142857,0.5,1,1
653,0.5,0.416666667,0.333333333,0.066666667,0.5,0.138888889,0.285714286,0.857142857,0.5,1,1
654,0.375,0.416666667,0.333333333,0.066666667,0.5,0.138888889,0.285714286,0.857142857,0.5,1,1
655,0.453125,0.5,0.333333333,0.266666667,0.5,0.166666667,0.285714286,0.857142857,0.5,1,1
656,0.8125,0.666666667,0,0.6,0.5,0.222222222,0.285714286,0.857142857,0.5,1,1
657,0.5,0.416666667,0.333333333,0,0.5,0.138888889,0.285714286,0,0.5,1,1
658,0.3125,0.5,0.333333333,0.266666667,0.5,0.166666667,0.285714286,0.857142857,0.5,1,1
659,0.453125,0.416666667,0.333333333,0,0.5,0.138888889,0.285714286,0,0.5,1,1
660,0.359375,0.75,0.75,0.266666667,0.5,0.25,0.285714286,0.857142857,0.5,1,1
661,0.5625,0.5,0.333333333,0.266666667,0.5,0.166666667,0.857142857,0.857142857,0.5,1,1
662,0.5,0.5,0.333333333,0.266666667,0.5,0.166666667,0.285714286,0.857142857,0.5,1,1
663,0.296875,0.5,0.333333333,0.266666667,0.5,0.166666667,0.285714286,0.057142857,0.5,1,1
664,0.40625,0.666666667,0.583333333,0.6,0.5,0.222222222,0.285714286,0.857142857,0.5,1,1
665,0.875,0.666666667,0.333333333,0.6,0.5,0.222222222,0.285714286,0.114285714,0.5,1,1
666,0.46875,0.5,0.333333333,0.266666667,0.5,0.166666667,0.285714286,0.028571429,0.5,1,1
667,0.609375,0.666666667,0.583333333,0.266666667,0.5,0.222222222,1,0.857142857,1,1,1
668,0.40625,0.416666667,0.333333333,0,0.5,0.138888889,0.285714286,0.857142857,0.5,1,1
669,0.59375,0.5,0.333333333,0.266666667,0.5,0.166666667,0.285714286,0.028571429,0.5,1,1
670,0.125,0.5,0.333333333,0.266666667,0.5,0.166666667,0.285714286,0.857142857,0.5,1,1
671,0.4375,0.666666667,0.333333333,0.6,0.5,0.222222222,0.285714286,0.857142857,0.5,1,1
672,0.5,0.416666667,0.333333333,0,0.5,0.138888889,0.285714286,0.857142857,0.5,1,1
673,0.5,0.416666667,0.333333333,0,0.5,0.138888889,0.285714286,0.857142857,0.5,1,1
674,0.5,0.416666667,0.333333333,0,0.5,0.138888889,0.285714286,0.857142857,0.5,1,1
675,0.5,0.666666667,0.333333333,0.6,0.5,0.222222222,0.285714286,0.857142857,0.5,1,1
676,0.421875,0.416666667,0.333333333,0,0.5,0.138888889,0.285714286,0.857142857,0.5,1,1
677,0.5,0.5,0.333333333,0.266666667,0.5,0.166666667,0.285714286,0.857142857,0.5,1,1
678,0.5,0.666666667,0.583333333,0.266666667,0.5,0.222222222,1,0.857142857,0.5,1,1
679,0.75,0.416666667,0.333333333,0,0.5,0.138888889,0.285714286,0.857142857,0.5,1,1
680,0.46875,0.416666667,0.333333333,0,0.5,0.138888889,0.285714286,0.857142857,0.5,1,1
681,0.125,0.833333333,0.583333333,0.733333333,0.5,0.277777778,0.285714286,0.857142857,0.5,1,1
682,0.328125,0.666666667,0.583333333,0.6,0.5,0.222222222,0.285714286,0.857142857,0.5,1,1
683,0.5,0.5,0.333333333,0.266666667,0.5,0.166666667,0.285714286,0.857142857,0.5,1,1
684,0.5,0.416666667,0,0.266666667,0.5,0.138888889,0.285714286,0.857142857,0.5,1,1
685,1,0.416666667,0.333333333,0,0.5,0.138888889,0.285714286,0.857142857,0.5,1,1
686,0.5,0.416666667,0.333333333,0,0.5,0.138888889,0.285714286,0.857142857,0.5,1,1
687,0.5,0.5,0.333333333,0.266666667,0.5,0.166666667,0.285714286,0.057142857,0.5,1,1
688,0.578125,0.416666667,0.333333333,0,0.5,0.138888889,0.285714286,0.857142857,0.5,1,1
689,0.46875,0.416666667,0,0.266666667,0.5,0.138888889,0.285714286,0.857142857,0.5,1,1
690,0.546875,0.666666667,0.333333333,0.6,0.5,0.222222222,0.285714286,0.857142857,0.5,1,1
691,0.34375,0.5,0.333333333,0.266666667,0.5,0.166666667,0.285714286,0.857142857,0.5,1,1
692,0.34375,0.5,0.583333333,0,0.5,0.166666667,0.285714286,0.857142857,0.5,1,1
693,0.53125,0.75,0.833333333,0,0.5,0.25,0.428571429,0,0.5,1,1
694,0.65625,0.166666667,0.25,0,0.5,0.055555556,0.428571429,0.857142857,0.5,1,1
695,0.515625,0.666666667,0.333333333,0.6,0.5,0.222222222,0.571428571,0.171428571,0.5,1,1
696,0.421875,0.5,0.333333333,0.266666667,0.5,0.166666667,0.857142857,0.085714286,0.5,1,1
697,0.359375,0.666666667,0.583333333,0.6,0.5,0.222222222,0.428571429,0.142857143,0.5,1,1
698,0.40625,0.166666667,0.25,0,0.5,0.055555556,0.285714286,0,1,1,1
699,0.390625,0,0.333333333,0.666666667,0.5,0,0.285714286,0.257142857,1,1,1
700,0.5625,0.5,0.333333333,0.333333333,0.5,0.166666667,0.285714286,0.028571429,1,1,1
701,0.21875,0,0.25,0.266666667,0.5,0,0.285714286,0.028571429,1,1,1
702,0.75,0.5,0.583333333,0,0.5,0.166666667,0.285714286,0,1,1,1
703,0.390625,0.416666667,0.333333333,0,0.5,0.138888889,0.285714286,0,1,1,1
704,0.84375,0.416666667,0.25,0.333333333,0.5,0.138888889,0.285714286,0.028571429,1,1,1
705,0.484375,0.416666667,0.333333333,0,1,0.138888889,0.285714286,0,1,1,1
706,0.296875,0,0.333333333,0,0.5,0,0.285714286,0,1,1,1
707,0.796875,0.5,0.333333333,0.333333333,0.5,0.166666667,0.285714286,0.085714286,1,1,1
708,0.34375,0.166666667,0.25,0,0.5,0.055555556,0.285714286,0,1,1,1
709,0.53125,0,0.833333333,1,0.5,0,0.285714286,0.857142857,1,1,1
710,0.4375,0.5,0.333333333,0.333333333,0.5,0.166666667,0.285714286,0.028571429,1,1,1
711,0.515625,0.666666667,0.333333333,0.666666667,0.5,0.222222222,0.285714286,0.114285714,1,1,1
712,0.234375,0.5,0.333333333,0.333333333,0.5,0.166666667,0.285714286,0.085714286,1,1,1
713,0.5625,0.416666667,0.25,0.333333333,0.5,0.138888889,0.285714286,0.085714286,1,1,1
714,0.828125,0.666666667,0.25,0.666666667,0.5,0.222222222,0.285714286,0.228571429,1,1,1
715,0.5625,0.416666667,0.333333333,0,0.5,0.138888889,0.285714286,0,1,1,1
716,0.46875,0.166666667,0.25,0,0.5,0.055555556,0.285714286,0.857142857,1,1,1
717,0.4375,0.416666667,0.25,0.333333333,1,0.138888889,0.285714286,0.057142857,1,1,1
718,0.4375,0.416666667,0.333333333,0,0.5,0.138888889,0.285714286,0,1,1,1
719,1,0.416666667,0.333333333,0,0.5,0.138888889,0.285714286,0,1,1,1
720,0.71875,0.416666667,0.333333333,0,0.5,0.138888889,0.285714286,0,1,1,1
721,0.515625,0.5,0.333333333,0.333333333,0.5,0.166666667,0.285714286,0.085714286,1,1,1
722,0.84375,0.833333333,0.583333333,0.8,1,0.277777778,0.428571429,0.314285714,1,1,1
723,0.734375,0.166666667,0.25,0,0.5,0.055555556,0.285714286,0.857142857,1,1,1
724,0.796875,0.166666667,0.25,0,0.5,0.055555556,1,0,1,1,1
725,0.6875,0.416666667,0.333333333,0,0.5,0.138888889,1,0,1,1,1
726,0.390625,0.166666667,0.25,0,0.5,0.055555556,0.285714286,0,1,1,1
727,0.859375,0.833333333,0.333333333,0.8,1,0.277777778,0.285714286,0.4,1,1,1
728,0.84375,0.666666667,0.583333333,0.666666667,1,0.222222222,0.285714286,0.142857143,1,1,1
729,0.21875,0.416666667,0.333333333,0,1,0.138888889,1,0,1,1,1
730,0.5625,0.666666667,0.25,0.666666667,0.5,0.222222222,0.428571429,0.257142857,1,1,1
731,0.625,0.5,0.333333333,0.333333333,0.5,0.166666667,0.285714286,0.085714286,1,1,1
732,0.59375,0.166666667,0.25,0,0.5,0.055555556,0.285714286,0,1,1,1
733,0.5625,0.5,0.333333333,0.333333333,0.5,0.166666667,0.285714286,0.028571429,1,1,1
734,0.921875,0.75,0.833333333,0.333333333,0.5,0.25,0.857142857,0.028571429,1,1,1
735,0.15625,0.666666667,0.25,0.666666667,0.5,0.222222222,0.285714286,0.171428571,1,1,1
736,0.296875,0.416666667,0.333333333,0,0.5,0.138888889,0.285714286,0,1,1,1
737,0.9375,0.75,0.833333333,0.333333333,0.5,0.25,0.285714286,0.057142857,1,1,1
738,0.78125,0.666666667,0.583333333,0.333333333,1,0.222222222,1,0.057142857,1,1,1
739,0.453125,0.5,0.333333333,0.333333333,1,0.166666667,0.285714286,0.085714286,1,1,1
740,0.125,0.5,0.333333333,0.333333333,1,0.166666667,0.285714286,0.057142857,1,1,1
741,0.484375,0.166666667,0.25,0,0.5,0.055555556,0.285714286,0,1,1,1
742,0.46875,0.5,0.333333333,0.333333333,0.5,0.166666667,0.428571429,0.028571429,1,1,1
743,0.671875,0.416666667,0.333333333,0,0.5,0.138888889,0.285714286,0,1,1,1
744,0.46875,0.5,0.333333333,0.333333333,0.5,0.166666667,0.285714286,0.057142857,1,1,1
745,0.546875,0.416666667,0.25,0.333333333,0.5,0.138888889,0.285714286,0.085714286,1,1,1
746,0.46875,0.166666667,0.25,0,0.5,0.055555556,0.285714286,0,1,1,1
747,0.90625,0.416666667,0.333333333,0,0.5,0.138888889,0.857142857,0,1,1,1
748,0.421875,0.416666667,0.333333333,0,0.5,0.138888889,0.285714286,0,1,1,1
749,0.75,0.416666667,0.333333333,0,1,0.138888889,0.285714286,0,1,1,1
750,0.859375,0.666666667,0.25,0.666666667,1,0.222222222,0.285714286,0.171428571,1,1,1
751,0.609375,0.666666667,0.25,0.666666667,1,0.222222222,0.285714286,0.257142857,1,1,1
752,0.84375,0.666666667,0.583333333,0.333333333,1,0.222222222,0.285714286,0.028571429,1,1,1
753,0.703125,0.416666667,0.333333333,0,1,0.138888889,0.285714286,0,1,1,1
754,0.546875,0.666666667,0.333333333,0.666666667,1,0.222222222,0.285714286,0.142857143,1,1,1
755,0.625,0.166666667,0.25,0,0.5,0.055555556,1,0,1,1,1
756,0.21875,0.416666667,0.333333333,0,0.5,0.138888889,0.285714286,0,1,1,1
757,0.765625,0.416666667,0.333333333,0,0.5,0.138888889,0.428571429,0,1,1,1
758,0.71875,0.416666667,0.333333333,0,0.5,0.138888889,0.285714286,0.857142857,1,1,1
759,0.5,0.666666667,0.25,0.666666667,0.5,0.222222222,0.428571429,0.114285714,1,1,1
760,0.328125,0.5,0.333333333,0.333333333,0.5,0.166666667,0.285714286,0.057142857,1,1,1
761,0.359375,0.666666667,0.25,0.666666667,0.5,0.222222222,0.285714286,0.057142857,1,1,1
762,0.515625,0.166666667,0.25,0,0.5,0.055555556,0.285714286,0.857142857,1,1,1
763,0.15625,0.666666667,0.333333333,0.666666667,0.5,0.222222222,0.285714286,0.114285714,1,1,1
764,0.234375,0.833333333,0.333333333,0.8,0.5,0.277777778,0.285714286,0.314285714,1,1,1
765,0.421875,0.833333333,0.333333333,0.8,0.5,0.277777778,0.428571429,0.342857143,1,1,1
766,0.5625,0.416666667,0.333333333,0,0.5,0.138888889,0.428571429,0,1,1,1
767,0.453125,0.75,0.833333333,0,0.5,0.25,0.857142857,0,1,1,1
768,0.4375,0.833333333,0.333333333,0.8,0.5,0.277777778,0.428571429,0.542857143,1,1,1
769,0.46875,0.833333333,0.583333333,0.8,0.5,0.277777778,0.428571429,0.542857143,1,1,1
770,0.65625,0.166666667,0.25,0,0.5,0.055555556,0.428571429,0,1,1,1
771,0.96875,0.416666667,0.333333333,0,0.5,0.138888889,0.428571429,0.857142857,1,1,1
772,0.828125,0.666666667,0.583333333,0.333333333,1,0.222222222,0.857142857,0.028571429,1,1,1
773,0.421875,0.416666667,0.333333333,0,0.5,0.138888889,1,0.857142857,1,1,1
774,0.828125,0.416666667,0.333333333,0.066666667,0.5,0.138888889,0.285714286,0,1,1,1
775,0.125,0.25,0.25,0.533333333,0.5,0.083333333,0.285714286,0.028571429,0.5,1,1
776,0.4375,0.666666667,0.583333333,0.666666667,0.5,0.222222222,0.428571429,0.114285714,1,1,1
777,0.59375,0.666666667,0.333333333,0.666666667,0.5,0.222222222,0.285714286,0.114285714,1,1,1
778,0.59375,0.416666667,0.333333333,0.066666667,0.5,0.138888889,0.285714286,0,1,1,1
779,0.234375,0.5,0.583333333,0.066666667,0.5,0.166666667,0.285714286,0,1,1,1
780,0.640625,0.5,0.333333333,0.333333333,0.5,0.166666667,0.285714286,0.057142857,1,1,1
781,0.4375,0.5,0.333333333,0.333333333,0.5,0.166666667,0.285714286,0.028571429,1,1,1
782,0.59375,0.416666667,0.25,0.333333333,0.5,0.138888889,0.285714286,0.057142857,1,1,1
783,0.328125,0.416666667,0.333333333,0.066666667,0.5,0.138888889,0.428571429,0,1,1,1
784,0.171875,0.5,0.333333333,0.266666667,0.5,0.166666667,0.285714286,0.028571429,1,1,1
785,0.78125,0.666666667,0.583333333,0.333333333,0.5,0.222222222,0.285714286,0.057142857,1,1,1
786,0.828125,0.833333333,0.333333333,0.733333333,0.5,0.277777778,0.285714286,0.285714286,1,1,1
787,0.375,0.5,0.333333333,0.533333333,0.5,0.166666667,0.285714286,0.028571429,1,1,1
788,0.5625,0.416666667,0.333333333,0,0.5,0.138888889,0.285714286,0,1,1,1
789,0.609375,0.083333333,0.25,0,0.5,0.027777778,0.285714286,0,1,1,1
790,0.40625,0.416666667,0.333333333,0,0.5,0.138888889,0.285714286,0,1,1,1
791,0.75,0.083333333,0.25,0,0.5,0.027777778,0.428571429,0,1,1,1
792,0.421875,0.5,0.333333333,0.266666667,0.5,0.166666667,0.285714286,0.085714286,1,1,1
793,0.453125,0.666666667,0.333333333,0.6,0.5,0.222222222,0.285714286,0.142857143,0.75,1,1
794,0.140625,0.416666667,0.333333333,0,0.5,0.138888889,0.285714286,0,1,1,1
795,0.59375,0.083333333,0.25,0,0.5,0.027777778,0.285714286,0,1,1,1
796,0.34375,0.416666667,0.333333333,0,0.5,0.138888889,0.285714286,0,1,1,1
797,0.46875,0.083333333,0.25,0,0.5,0.027777778,0.285714286,0,1,1,1
798,0.390625,0.5,0.333333333,0.333333333,0.5,0.166666667,0.285714286,0.085714286,1,1,1
799,0.65625,0.083333333,0.25,0,0.5,0.027777778,0.285714286,0,1,1,1
800,0.5,0.5,0.333333333,0.333333333,0.5,0.166666667,0.285714286,0.057142857,1,1,1
801,0.546875,0.083333333,0.25,0,0.5,0.027777778,0.285714286,0,1,1,1
802,0.265625,0.416666667,0.25,0.533333333,0.5,0.138888889,0.285714286,0.028571429,1,1,1
803,0.375,0.416666667,0.333333333,0,0.5,0.138888889,0.285714286,0,1,1,1
804,0.296875,0.833333333,0.333333333,0.8,0.5,0.277777778,0.285714286,0.371428571,1,1,1
805,0.546875,0.083333333,0.25,0,0.5,0.027777778,0.285714286,0,1,1,1
806,0.328125,0.416666667,0.333333333,0,0.5,0.138888889,0.285714286,0,1,1,1
807,0.21875,0.416666667,0.25,0.333333333,0.5,0.138888889,0.285714286,0.028571429,1,1,1
808,0.59375,0.083333333,0.25,0,0.5,0.027777778,0.285714286,0,1,1,1
809,0.78125,0.416666667,0.333333333,0,0.5,0.138888889,0.714285714,0,1,1,1
810,0.1875,0.416666667,0.25,0.533333333,0.5,0.138888889,0.285714286,0.028571429,1,1,1
811,0.28125,0.416666667,0.333333333,0,0.5,0.138888889,0.285714286,0,1,1,1
812,0.390625,0.083333333,0.25,0,0.5,0.027777778,0.285714286,0,1,1,1
813,0.5,0.5,0.333333333,0.333333333,0.5,0.166666667,0.285714286,0.057142857,1,1,1
814,0.609375,0.416666667,0.333333333,0,0.5,0.138888889,0.428571429,0,0.75,1,1
815,0.625,0.416666667,0.333333333,0,0.5,0.138888889,0.428571429,0,1,1,1
816,0.984375,0.083333333,0.25,1,0.5,0.027777778,0.285714286,0.857142857,0.75,1,1
817,0.546875,0.166666667,0.25,0,0.5,0.055555556,0.285714286,0,1,1,1
818,0.59375,0.416666667,0.25,0.333333333,0.5,0.138888889,0.285714286,0.085714286,1,1,1
819,0.125,0.5,0.333333333,0.266666667,0.5,0.166666667,0.285714286,0.028571429,1,1,1
820,0.609375,0.416666667,0.333333333,0,0.5,0.138888889,0.285714286,0,1,1,1
821,0.578125,0.5,0.333333333,0.333333333,0.5,0.166666667,0.285714286,0.028571429,1,0.5,1
822,0.375,0.666666667,0.333333333,0.6,0.5,0.222222222,0.285714286,0.171428571,1,1,1
823,0.296875,0.5,0.333333333,0.266666667,0.5,0.166666667,0.285714286,0.028571429,1,1,1
824,0.75,0.666666667,0.25,0.666666667,0.5,0.222222222,0.285714286,0.085714286,1,1,1
825,0.3125,0.416666667,0.333333333,0,0.5,0.138888889,0.428571429,0,1,1,1
826,0.28125,0.416666667,0.333333333,0,0.5,0.138888889,0.285714286,0,1,1,1
827,0.578125,0.166666667,0.25,0,0.5,0.055555556,0.285714286,0,0,0,1
828,0.421875,0.416666667,0.333333333,0,0.5,0.138888889,0.285714286,0,1,1,1
829,0.546875,0.5,0.333333333,0.266666667,0.5,0.166666667,0.285714286,0.028571429,1,1,1
830,0.75,0.083333333,0.25,0,0.5,0.027777778,0.285714286,0,1,1,1
831,0.296875,0.5,0.333333333,0.533333333,0.5,0.166666667,0.285714286,0.028571429,1,1,1
832,0.84375,0.083333333,0.25,0,0.5,0.027777778,0.428571429,0,1,1,1
833,0.390625,0.083333333,0.25,0,0.5,0.027777778,0.285714286,0,1,1,1
834,0.484375,0.083333333,0.25,0,0.5,0.027777778,0.428571429,0,1,1,1
835,0.703125,0.416666667,0.25,0.533333333,0.5,0.138888889,0.285714286,0.028571429,1,1,1
836,0.8125,0.416666667,0.25,0.333333333,0.5,0.138888889,0.428571429,0.028571429,1,1,1
837,0.53125,0.083333333,0.25,0,0.5,0.027777778,0.285714286,0,1,1,1
838,0.171875,0.083333333,0.25,0,0.5,0.027777778,0.285714286,0,1,1,1
839,0.53125,0.166666667,0.25,0.2,0.5,0.055555556,0.285714286,0,1,1,1
840,0.28125,0.416666667,0.25,0.533333333,0.5,0.138888889,0.285714286,0.028571429,1,1,1
841,0.21875,0.666666667,0.333333333,0.6,0.5,0.222222222,0.285714286,0.2,1,1,1
842,0.40625,0.5,0.333333333,0.333333333,0.5,0.166666667,0.428571429,0.057142857,0.75,1,1
843,0.21875,0.416666667,0.25,0.533333333,0.5,0.138888889,0.285714286,0.028571429,1,1,1
844,0.515625,0.416666667,0.25,0.333333333,0.5,0.138888889,0.285714286,0.028571429,0,1,1
845,0.234375,0.5,0.333333333,0.266666667,0.5,0.166666667,0.285714286,0.057142857,0.75,1,1
846,0.703125,0.833333333,0.333333333,0.8,0.5,0.277777778,0.285714286,0.771428571,1,1,1
847,0.375,0.416666667,0.333333333,0,0.5,0.138888889,0.428571429,0,0.75,1,1
848,0.515625,0.083333333,0.25,0,0.5,0.027777778,0.285714286,0,1,1,1
849,0.484375,0.5,0.333333333,0.266666667,0.5,0.166666667,0.285714286,0,1,1,1
850,0.90625,0.833333333,0.833333333,0.8,0.5,0.277777778,0.285714286,0.314285714,0.75,1,1
851,0.75,0.666666667,0.583333333,0.666666667,1,0.222222222,0.285714286,0.142857143,0.75,1,1
852,0.8125,0.833333333,0.333333333,0.733333333,0.5,0.277777778,0.428571429,0.6,0.75,1,1
853,0.796875,0.5,0.333333333,0.266666667,0.5,0.166666667,0.428571429,0.028571429,0,0.5,1
854,0.265625,0.833333333,0.333333333,0.733333333,0.5,0.277777778,0.428571429,0.714285714,1,1,1
855,0.671875,0.5,0.333333333,0.333333333,0.5,0.166666667,0.285714286,0.028571429,0.75,1,1
856,0.328125,0.25,0.25,0.533333333,0.5,0.083333333,0.285714286,0.028571429,0.75,1,1
857,0.34375,0.166666667,0.25,0,0.5,0.055555556,0.285714286,0,0.75,1,1
858,0.28125,0.416666667,0.333333333,0,0.5,0.138888889,0.285714286,0,0.75,1,1
859,0.671875,0.166666667,0.25,0,1,0.055555556,0.428571429,0,0.75,1,1
860,1,0.833333333,0.333333333,0.8,1,0.277777778,0.285714286,0.342857143,0.75,1,1
861,0.6875,0.666666667,0.25,0.6,0.5,0.222222222,0.714285714,0.2,1,1,1
862,0.234375,0.666666667,0.333333333,0.6,0.5,0.222222222,0.714285714,0.114285714,1,1,1
863,0.296875,0.5,0.333333333,0.266666667,0.5,0.166666667,0.714285714,0.057142857,1,1,1
864,0.40625,0.5,0.333333333,0.266666667,0.5,0.166666667,0.285714286,0.057142857,1,1,1
865,0.34375,0.416666667,0.333333333,0,0.5,0.138888889,0.285714286,0,1,1,1
866,0.5,0.416666667,0.333333333,0,0.5,0.138888889,0.714285714,0,1,1,1
867,0.5,0.416666667,0.333333333,0,0.5,0.138888889,0.714285714,0,1,1,1
868,0.546875,0.5,0.333333333,0.266666667,0.5,0.166666667,0.714285714,0.028571429,1,1,1
869,0.765625,0.5,0.333333333,0.266666667,0.5,0.166666667,0.285714286,0.028571429,1,1,1
870,0.03125,0.5,0.333333333,0.266666667,0.5,0.166666667,0.285714286,0.028571429,1,1,1
871,0.53125,0.416666667,0.333333333,0,0.5,0.138888889,0.714285714,0,1,1,1
872,0.5625,0.416666667,0.333333333,0,0.5,0.138888889,0.285714286,0,1,1,1
873,0.703125,0.5,0.333333333,0.266666667,0.5,0.166666667,0.285714286,0.085714286,1,1,1
874,0.390625,0.416666667,0.333333333,0,0.5,0.138888889,0.714285714,0,1,1,1
875,0.546875,0.416666667,0.333333333,0,0.5,0.138888889,0.285714286,0,1,1,1
876,0.5,0.416666667,0.25,0.266666667,0.5,0.138888889,0.285714286,0.028571429,1,1,1
877,0.390625,0.833333333,0.333333333,0.733333333,1,0.277777778,0.285714286,0.485714286,1,1,1
878,0.6875,0.833333333,0.333333333,0.733333333,0.5,0.277777778,0.285714286,0.285714286,1,1,1
879,0.625,0.166666667,0.25,0,0.5,0.055555556,0.285714286,0,1,1,1
880,0.578125,0.166666667,0.25,0,0.5,0.055555556,0.285714286,0,1,1,1
881,0.578125,0.416666667,0.333333333,0,0.5,0.138888889,0.285714286,0,1,1,1
882,0.59375,0.416666667,0.333333333,0,0.5,0.138888889,0.285714286,0,1,1,1
883,0.34375,0.166666667,0.25,0,0.5,0.055555556,0.285714286,0,1,1,1
884,0.21875,0.416666667,0.333333333,0,0.5,0.138888889,0.285714286,0,1,1,1
885,0.46875,0.833333333,0.833333333,0.733333333,0.5,0.277777778,0.714285714,0.285714286,1,1,1
886,0.640625,0.416666667,0.333333333,0,0.5,0.138888889,0.285714286,0,1,1,1
887,0.75,0.666666667,0.333333333,0.6,0.5,0.222222222,0.285714286,0.257142857,1,1,1
888,0.65625,0.666666667,0.333333333,0.6,0.5,0.222222222,0.285714286,0.142857143,1,1,1
889,0.5625,0.666666667,0.25,0.6,0.5,0.222222222,0.285714286,0.114285714,1,1,1
890,0.578125,0.416666667,0.333333333,0,0.5,0.138888889,0.285714286,0,1,1,1
891,0.265625,0.666666667,0.25,0.6,0.5,0.222222222,0.714285714,0.142857143,1,1,1
892,0.296875,0.666666667,0.333333333,0.6,0.5,0.222222222,0.285714286,0.171428571,1,1,1
893,0.25,0.5,0.333333333,0.266666667,0.5,0.166666667,0.285714286,0.028571429,1,1,1
894,0.5,0.5,0.333333333,0.266666667,0.5,0.166666667,0.285714286,0.057142857,1,1,1
895,0.171875,0.166666667,0.25,0,0.5,0.055555556,0.285714286,0,1,1,1
896,0.75,0.416666667,0.333333333,0,0.5,0.138888889,0.285714286,0,1,1,1
897,0.703125,0.166666667,0.25,0,0.5,0.055555556,0.714285714,0,1,1,1
898,0.1875,0.416666667,0.333333333,0,0.5,0.138888889,0.285714286,0,1,1,1
899,0.46875,0.666666667,0.333333333,0.6,0.5,0.222222222,0.285714286,0.114285714,1,1,1
900,0.328125,0.416666667,0.333333333,0,0.5,0.138888889,0.285714286,0,1,1,1
901,0.25,0.5,0.333333333,0.266666667,0.5,0.166666667,0.285714286,0.028571429,1,1,1
902,0.40625,0.416666667,0.333333333,0.066666667,0.5,0.138888889,0.285714286,0,1,1,1
903,0.4375,0.416666667,0.333333333,0.066666667,0.5,0.138888889,0.285714286,0,1,1,1
904,0.328125,0.5,0.333333333,0.266666667,0.5,0.166666667,0.285714286,0.085714286,1,1,1
905,0.515625,0.166666667,0.25,0.066666667,0.5,0.055555556,0.285714286,0,1,1,1
906,0.390625,0.416666667,0.333333333,0.066666667,0.5,0.138888889,0.285714286,0,1,1,1
907,0.296875,0.416666667,0.333333333,0.066666667,0.5,0.138888889,0.285714286,0,1,1,1
908,0.671875,0.416666667,0.25,0.266666667,0.5,0.138888889,0.285714286,0.028571429,1,1,1
909,0.703125,0.416666667,0.333333333,0.066666667,0.5,0.138888889,0.428571429,0,1,1,1
910,0.71875,0.5,0.333333333,0.266666667,0.5,0.166666667,0.428571429,0.028571429,1,1,1
911,0.578125,0.416666667,0.333333333,0.066666667,0.5,0.138888889,0.428571429,0,1,1,1
912,0.359375,0.416666667,0.333333333,0.066666667,0.5,0.138888889,0.428571429,0,1,1,1
913,0.8125,0.833333333,0.583333333,0.733333333,0.5,0.277777778,0.428571429,0.628571429,1,1,1
914,0.109375,0.416666667,0.333333333,0.066666667,0.5,0.138888889,0.571428571,0,1,1,1
915,0.34375,0.5,0.333333333,0.266666667,0.5,0.166666667,0.428571429,0.114285714,1,1,1
916,0.921875,0.166666667,0.166666667,0.066666667,0.5,0.055555556,0.857142857,0,1,1,1
917,0.578125,0.666666667,0.333333333,0.6,0.5,0.222222222,0.428571429,0.228571429,1,1,1
918,0.53125,0.833333333,0.333333333,0.733333333,0.5,0.277777778,0.428571429,0.285714286,1,1,1
919,0.609375,0.5,0.583333333,0,0.5,0.166666667,0.571428571,0,1,1,1
920,0.234375,0.416666667,0.333333333,0,0.5,0.138888889,0.857142857,0,1,1,1
921,0.578125,0.416666667,0.333333333,0,0.5,0.138888889,1,0,1,1,1
922,0.296875,0.833333333,0.583333333,0.733333333,1,0.277777778,0.428571429,0.342857143,1,1,1
923,0.84375,0.5,0.333333333,0.333333333,1,0.166666667,0.428571429,0.057142857,1,0.5,1
924,0.34375,0.416666667,0.166666667,0.333333333,1,0.138888889,1,0.028571429,0.5,0.5,1
925,0.1875,0.083333333,0.25,0,1,0.027777778,0.285714286,0,0.5,1,1
926,0.421875,0.666666667,0.333333333,0.666666667,1,0.222222222,0.285714286,0.142857143,1,1,1
927,0.1875,0.5,0.333333333,0.333333333,0.5,0.166666667,0.285714286,0.028571429,1,0.5,1
928,0.375,0,0.25,0.533333333,1,0,0.428571429,0.028571429,0.75,1,1
929,0.546875,0.166666667,0.25,0,0.5,0.055555556,0.428571429,0,1,0.5,1
930,0.515625,0.5,0.583333333,0.066666667,0.5,0.166666667,0.428571429,0,1,1,1
931,0.6875,0.083333333,0.25,0.066666667,0.5,0.027777778,0.285714286,0,1,0.5,1
932,0.46875,0.5,0.333333333,0.533333333,1,0.166666667,0.285714286,0,1,0.5,1
933,0.5,0.416666667,0.333333333,0,1,0.138888889,0.285714286,0,0.75,1,1
934,0.265625,0.416666667,0.333333333,0,1,0.138888889,0.857142857,0,1,0.5,1
935,0.578125,0.416666667,0.333333333,0,1,0.138888889,0.285714286,0,1,0.5,1
936,0.46875,0.416666667,0.333333333,0.066666667,0.5,0.138888889,0.285714286,0,0.75,1,1
937,0.453125,0.5,0.333333333,0.4,1,0.166666667,1,0.028571429,1,1,1
938,0.65625,0.833333333,0.333333333,0.866666667,1,0.277777778,0.285714286,0.314285714,1,0.5,1
939,0.34375,0.416666667,0.333333333,0,1,0.138888889,0.285714286,0,1,1,1
940,0.265625,0.416666667,0.333333333,0.066666667,0.5,0.138888889,0.571428571,0,1,0.5,1
941,0.796875,0.5,0.333333333,0.333333333,0.5,0.166666667,0.285714286,0.085714286,1,1,1
942,0.59375,0.5,0.333333333,0.333333333,0.5,0.166666667,0.285714286,0.057142857,1,0.5,1
943,0.515625,0.416666667,0.333333333,0.066666667,0.5,0.138888889,0.285714286,0,1,0.5,1
944,0.5,0.833333333,0.333333333,0.866666667,0.5,0.277777778,0.285714286,0.4,1,1,1
945,0.515625,0.5,0.333333333,0.333333333,0.5,0.166666667,0.285714286,0.028571429,1,0.5,1
946,0.6875,0.666666667,0.583333333,0.333333333,1,0.222222222,0.285714286,0.057142857,0.75,1,1
947,0.625,0.5,0.583333333,0.066666667,1,0.166666667,0.285714286,0,0.75,1,1
948,0.46875,0.416666667,0.25,0.333333333,0.5,0.138888889,0.285714286,0.028571429,1,0.5,1
949,0.375,0.166666667,0.25,0,0.5,0.055555556,0.285714286,0,1,0.5,1
950,0.421875,0.5,0.333333333,0.333333333,1,0.166666667,0.428571429,0.028571429,1,0.5,1
951,0.40625,0.416666667,0.25,0.333333333,0.5,0.138888889,0.285714286,0.028571429,1,0.5,1
952,0.515625,0.833333333,0.166666667,0.8,1,0.277777778,0.285714286,0.542857143,0.75,1,1
953,0.234375,0.5,0.333333333,0.533333333,1,0.166666667,0.285714286,0.028571429,0.75,1,1
954,0.203125,0.833333333,0.583333333,0.8,1,0.277777778,1,0.828571429,1,0.5,1
955,0.40625,0.416666667,0.333333333,0.066666667,1,0.138888889,1,0,1,0.5,1
956,0.53125,0.5,0.583333333,0,1,0.166666667,0.428571429,0,1,0.5,1
957,0.546875,0.666666667,0.583333333,0.333333333,0.5,0.222222222,0.285714286,0.028571429,0.75,1,1
958,0.765625,0.416666667,0.333333333,0,1,0.138888889,0.428571429,0,1,0.5,1
959,0.390625,0.666666667,0.583333333,0.266666667,1,0.222222222,0.428571429,0,1,0.5,1
960,0.125,0.416666667,0.25,0.266666667,0.5,0.138888889,0.285714286,0.028571429,0.75,1,1
961,0.5625,0.333333333,0.333333333,0,0.5,0.111111111,0.285714286,0,0.75,1,1
962,0.53125,0.416666667,0.333333333,0,0.5,0.138888889,0.428571429,0,0.75,1,1
963,0.09375,0.5,0.333333333,0.333333333,0.5,0.166666667,0.285714286,0.057142857,0.75,0.5,1
964,0.578125,0.75,0.833333333,0,1,0.25,0.285714286,0,1,1,0
965,0.5,0.5,0.583333333,0,1,0.166666667,0.285714286,0,0.75,1,0
966,0.671875,0.083333333,0.25,0.066666667,0.5,0.027777778,0.285714286,0,1,1,1
967,0.3125,0.5,0.333333333,0.4,0.5,0.166666667,0.285714286,0.057142857,1,1,1
968,0.5625,0.416666667,0.333333333,0.066666667,0.5,0.138888889,0.285714286,0,1,1,1
969,0.484375,0.416666667,0.25,0.333333333,0.5,0.138888889,0.285714286,0.028571429,1,1,1
970,0.421875,0.083333333,0.25,0.066666667,0.5,0.027777778,0.285714286,0,1,1,1
971,0.421875,0.416666667,0.25,0.333333333,0.5,0.138888889,0.285714286,0.028571429,0.75,1,1
972,0.5,0.083333333,0.25,0.133333333,0.5,0.027777778,0.285714286,0,1,1,1
973,0.40625,0.083333333,0.25,0.133333333,0.5,0.027777778,0.285714286,0,1,1,1
974,0.5,0.083333333,0.25,0.066666667,0.5,0.027777778,0.285714286,0,1,1,1
975,0.375,0.083333333,0.25,0.066666667,0.5,0.027777778,0.285714286,0,1,1,1
976,0.484375,0.416666667,0.333333333,0.066666667,0.5,0.138888889,0.285714286,0,1,0.5,1
977,0.5,0.416666667,0.333333333,0.066666667,0.5,0.138888889,0.285714286,0,1,1,1
978,0.4375,0.083333333,0.25,0.066666667,0.5,0.027777778,0.428571429,0,0.75,1,1
979,0.578125,0.416666667,0.333333333,0.066666667,0.5,0.138888889,0.428571429,0,1,1,1
980,0.71875,0.5,0.333333333,0.333333333,0.5,0.166666667,0.428571429,0.028571429,1,1,1
981,0.3125,0.666666667,0.583333333,0.333333333,0.5,0.222222222,0.428571429,0.085714286,1,1,1
982,0.359375,0.416666667,0.333333333,0.066666667,0.5,0.138888889,0.285714286,0,0.75,1,1
983,0.28125,0.666666667,0.25,0.666666667,0.5,0.222222222,0.428571429,0.142857143,1,1,1
984,0.640625,0.833333333,0.583333333,0.8,0.5,0.277777778,0.428571429,0.285714286,1,1,1
985,0.578125,0.5,0.333333333,0.333333333,0.5,0.166666667,0.428571429,0.028571429,1,1,1
986,0.609375,0.5,0.333333333,0.533333333,0.5,0.166666667,0.428571429,0.028571429,1,1,1
987,0.46875,0.416666667,0.333333333,0,0.5,0.138888889,0.428571429,0,0,0,1
988,0.296875,0.5,0.333333333,0.266666667,0.5,0.166666667,0.428571429,0.057142857,0,0,1
989,0.5,0.5,0.333333333,0.266666667,0.5,0.166666667,0.428571429,0.085714286,0.5,1,1
990,0.5,0.416666667,0.333333333,0,0.5,0.138888889,0.428571429,0,0.5,1,1
991,0.28125,0.5,0.333333333,0.533333333,1,0.166666667,0.428571429,0.057142857,1,1,1
992,0.828125,0.833333333,0.583333333,0.8,0.5,0.277777778,1,0.314285714,1,1,1
993,0.40625,0.833333333,0.333333333,0.8,0.5,0.277777778,0.285714286,0.657142857,0.75,1,1
994,0.4375,0.5,0.333333333,0.333333333,0.5,0.166666667,1,0.057142857,1,1,1
995,0.734375,0.166666667,0.25,0,0.5,0.055555556,0.285714286,0,0.75,1,1
996,0.546875,0.166666667,0.25,0.066666667,1,0.055555556,0.428571429,0,1,1,1
997,0.5625,0.166666667,0.25,0,1,0.055555556,0.285714286,0,0.75,1,1
998,0.46875,0.416666667,0.333333333,0.066666667,1,0.138888889,0.285714286,0,0.75,1,1
999,0.90625,0.416666667,0.333333333,0,1,0.138888889,0.428571429,0,1,1,1
1000,0.59375,0.5,0.333333333,0.333333333,1,0.166666667,0.428571429,0.085714286,1,1,1
1001,0.96875,0.75,0.833333333,1,0.5,0.25,0.285714286,0.857142857,0.75,1,1
1002,0.3125,0.416666667,0.333333333,0.066666667,0.5,0.138888889,0.285714286,0,0.75,1,1
1003,0.375,0.166666667,0.166666667,0,1,0.055555556,0.285714286,0,0.75,1,1
1004,0.359375,0.5,0.333333333,0.333333333,0.5,0.166666667,0.285714286,0.057142857,0.75,1,1
1005,1,0.416666667,0.333333333,1,1,0.138888889,0.428571429,0.857142857,1,1,1
1006,0.796875,0.666666667,0.333333333,0.666666667,1,0.222222222,0.285714286,0.2,0.75,1,1
1007,0.375,0.416666667,0.333333333,0.066666667,1,0.138888889,0.285714286,0,0.75,1,1
1008,0.640625,0.166666667,0.25,0,1,0.055555556,0.285714286,0,0.75,1,1
1009,0.453125,0.916666667,0.25,1,0.75,0.305555556,0.285714286,0.857142857,0.75,1,1
1010,0.546875,0.166666667,0.25,0.066666667,1,0.055555556,0.285714286,0,0.75,1,1
1011,0.359375,0.5,0.333333333,0.333333333,1,0.166666667,0.285714286,0.057142857,0.75,1,1
1012,0.6875,0.5,0.333333333,0.333333333,0.5,0.166666667,0.285714286,0.028571429,0.75,1,1
1013,0.546875,0.416666667,0.333333333,0.066666667,1,0.138888889,0.285714286,0,0.75,1,1
1014,0.671875,0.833333333,0.583333333,0.8,1,0.277777778,0.428571429,0.8,1,1,1
1015,0.734375,0.666666667,0.583333333,0.333333333,1,0.222222222,0.428571429,0.085714286,1,1,1
1016,0.28125,0.5,0.333333333,0.266666667,0.5,0.166666667,0.428571429,0.057142857,1,1,1
1017,0.515625,0.333333333,0.333333333,0.333333333,1,0.111111111,0.428571429,0.057142857,0,0,1
1018,0.703125,0.416666667,0.333333333,0,1,0.138888889,0.285714286,0.857142857,0.75,1,1
1019,0.6875,0.416666667,0.333333333,0,1,0.138888889,0.285714286,0.857142857,0.75,1,1
1020,0.21875,0.5,0.583333333,0,1,0.166666667,0.285714286,0.857142857,0.75,1,1
1021,0.546875,0.416666667,0.333333333,0,1,0.138888889,0.428571429,0.857142857,1,1,1
1022,0.578125,0.416666667,0.25,0.266666667,1,0.138888889,0.285714286,0.028571429,0.75,0,1
1023,0.265625,0.833333333,0.333333333,0.733333333,1,0.277777778,0.285714286,0.571428571,0.75,0,1
1024,0.21875,0.416666667,0.25,0.266666667,1,0.138888889,0.285714286,0.028571429,0.75,0,1
1025,0.390625,0.166666667,0.25,0,1,0.055555556,0.285714286,0.857142857,0.75,0,1
1026,0.40625,0.416666667,0.25,0.266666667,1,0.138888889,0.285714286,0.028571429,0.75,0,1
1027,0.484375,0.166666667,0.166666667,0,1,0.055555556,0.285714286,0.857142857,0.75,0,1
1028,0.625,0.5,0.333333333,0.333333333,1,0.166666667,0.285714286,0.057142857,0.75,0,1
1029,0.75,0.25,0.25,0.533333333,1,0.083333333,0.857142857,0.857142857,0.75,1,1
1030,0.15625,0.416666667,0.25,0.533333333,1,0.138888889,0.285714286,0,0.75,1,1
1031,0.84375,0.083333333,0.25,0,1,0.027777778,0.428571429,0,1,1,1
1032,0.71875,0.416666667,0.333333333,0,1,0.138888889,0.428571429,0.857142857,1,1,1
1033,0.703125,0.166666667,0.25,0,1,0.055555556,0.285714286,0.857142857,0.75,1,1
1034,0.515625,0.833333333,0.583333333,0.733333333,1,0.277777778,0.428571429,0.371428571,1,1,1
1035,0.203125,0.5,0.333333333,0.333333333,1,0.166666667,0.285714286,0.085714286,0.75,1,1
1036,0.765625,0.416666667,0.333333333,0,1,0.138888889,0.285714286,0.857142857,0.75,1,1
1037,0.265625,0.166666667,0.25,0,1,0.055555556,0.285714286,0,0.75,1,1
1038,0.359375,0.416666667,0.333333333,0,1,0.138888889,0.428571429,0,1,1,1
1039,0.34375,0.166666667,0.166666667,0,1,0.055555556,0.285714286,0,0.75,1,1
1040,0.640625,0.5,0.583333333,0,0.5,0.166666667,1,0,0.75,1,1
1041,0.71875,0.666666667,0.333333333,0.666666667,0.5,0.222222222,0.428571429,0.142857143,1,1,1
1042,0.59375,0.416666667,0.333333333,0,0.5,0.138888889,0.428571429,0,0.5,1,1
1043,0.234375,0.416666667,0.333333333,0,0.5,0.138888889,0.428571429,0,1,0,1
1044,0.4375,0.75,0.75,0,0.5,0.25,0.571428571,0.857142857,0.75,1,1
1045,0.140625,0.916666667,0.75,0.333333333,0.75,0.305555556,0.285714286,0.857142857,0.75,1,1
1046,0.0625,0.5,0.583333333,0,0.5,0.166666667,0.285714286,0.857142857,0.75,1,1
1047,0.046875,0.75,0.833333333,0.6,0.5,0.25,0.285714286,0.857142857,0.75,1,1
1048,0.59375,0.416666667,0.333333333,0,0.5,0.138888889,0.285714286,0,0.75,1,1
1049,0.703125,0.5,0.333333333,0.266666667,0.5,0.166666667,0.714285714,0.028571429,0.75,1,1
1050,0.046875,0.833333333,0.583333333,0.8,1,0.277777778,0.285714286,0.4,0.75,1,1
1051,0.578125,0.5,0.333333333,0.333333333,0.5,0.166666667,0.285714286,0.057142857,0.75,1,1
1052,0.609375,0.416666667,0.333333333,0,0.5,0.138888889,0.285714286,0,0.75,1,1
1053,0.640625,0.416666667,0.333333333,0,0.5,0.138888889,0.285714286,0,0.75,1,1
1054,0.875,0.666666667,0.583333333,0.333333333,1,0.222222222,0.285714286,0.057142857,0.75,1,1
1055,0.328125,0.083333333,0,0.133333333,0.25,0.027777778,0.285714286,0,0.75,1,1
1056,0.390625,0.5,0.333333333,0.333333333,0.25,0.166666667,0.285714286,0.057142857,0.75,1,1
1057,0.59375,0.5,0.333333333,0.533333333,0.25,0.166666667,0.285714286,0,0.75,1,1
1058,0.734375,0.416666667,0.333333333,0,1,0.138888889,0.285714286,0.857142857,0.75,1,1
1059,0.578125,0.916666667,0.916666667,0.866666667,0.75,0.305555556,0.285714286,0.857142857,0.75,1,1
1060,0.765625,0.666666667,0.25,0.666666667,0.5,0.222222222,0.285714286,0.142857143,0.75,1,1
1061,0.625,0.416666667,0.416666667,0.066666667,1,0.138888889,0.428571429,0,1,1,1
1062,0.5,0.5,0.333333333,0.533333333,1,0.166666667,0.285714286,0.028571429,0.75,1,1
1063,0.5,0.166666667,0.25,0.066666667,1,0.055555556,0.428571429,0,1,1,1
1064,0.3125,0.666666667,0.25,0.666666667,1,0.222222222,0.428571429,0.142857143,1,1,1
1065,0.65625,0.5,0.583333333,0,1,0.166666667,0.428571429,0,1,1,1
1066,0.546875,0.666666667,0.583333333,0.333333333,1,0.222222222,0.428571429,0.085714286,1,1,1
1067,0.3125,0.333333333,0,0.066666667,0,0.111111111,0,0.114285714,0.5,0.5,1
